{
  "01_01.jpg__0": "no",
  "01_01_r.jpg__0": "no",
  "01_01.jpg__1": "no",
  "01_01_r.jpg__1": "no",
  "01_01.jpg__2": "yes",
  "01_01_r.jpg__2": "yes",
  "01_01.jpg__3": "yes",
  "01_01_r.jpg__3": "no",
  "01_01.jpg__4": "left",
  "01_01_y-flip.jpg__4": "left",
  "01_01.jpg__5": "left",
  "01_01_y-flip.jpg__5": "left",
  "01_01.jpg__6": "left",
  "01_01_y-flip.jpg__6": "left",
  "01_01.jpg__7": "left",
  "01_01_y-flip.jpg__7": "left",
  "01_01.jpg__8": "left",
  "01_01_y-flip.jpg__8": "left",
  "01_01.jpg__9": "left",
  "01_01_y-flip.jpg__9": "left",
  "01_01.jpg__10": "left",
  "01_01_y-flip.jpg__10": "left",
  "01_01.jpg__11": "left",
  "01_01_y-flip.jpg__11": "left",
  "01_01.jpg__12": "lighter",
  "01_01_y-flip.jpg__12": "lighter",
  "01_01.jpg__13": "lighter",
  "01_01_y-flip.jpg__13": "lighter",
  "01_01.jpg__14": "lighter",
  "01_01_y-flip.jpg__14": "lighter",
  "01_01.jpg__15": "lighter",
  "01_01_y-flip.jpg__15": "lighter",
  "01_01.jpg__16": "lighter",
  "01_01_y-flip.jpg__16": "lighter",
  "01_01.jpg__17": "lighter",
  "01_01_y-flip.jpg__17": "lighter",
  "01_01.jpg__18": "lighter",
  "01_01_y-flip.jpg__18": "lighter",
  "01_01.jpg__19": "lighter",
  "01_01_y-flip.jpg__19": "lighter",
  "01_01_y-flip.jpg__0": "no",
  "01_01_y-flip_r.jpg__0": "no",
  "01_01_y-flip.jpg__1": "no",
  "01_01_y-flip_r.jpg__1": "no",
  "01_01_y-flip.jpg__2": "yes",
  "01_01_y-flip_r.jpg__2": "yes",
  "01_01_y-flip.jpg__3": "yes",
  "01_01_y-flip_r.jpg__3": "no",
  "01_02.jpg__0": "no",
  "01_02_r.jpg__0": "no",
  "01_02.jpg__1": "no",
  "01_02_r.jpg__1": "no",
  "01_02.jpg__2": "yes",
  "01_02_r.jpg__2": "yes",
  "01_02.jpg__3": "yes",
  "01_02_r.jpg__3": "no",
  "01_02.jpg__4": "left",
  "01_02_y-flip.jpg__4": "left",
  "01_02.jpg__5": "left",
  "01_02_y-flip.jpg__5": "left",
  "01_02.jpg__6": "left",
  "01_02_y-flip.jpg__6": "left",
  "01_02.jpg__7": "left",
  "01_02_y-flip.jpg__7": "left",
  "01_02.jpg__8": "left",
  "01_02_y-flip.jpg__8": "left",
  "01_02.jpg__9": "left",
  "01_02_y-flip.jpg__9": "left",
  "01_02.jpg__10": "left",
  "01_02_y-flip.jpg__10": "left",
  "01_02.jpg__11": "left",
  "01_02_y-flip.jpg__11": "left",
  "01_02.jpg__12": "lighter",
  "01_02_y-flip.jpg__12": "lighter",
  "01_02.jpg__13": "lighter",
  "01_02_y-flip.jpg__13": "lighter",
  "01_02.jpg__14": "lighter",
  "01_02_y-flip.jpg__14": "lighter",
  "01_02.jpg__15": "lighter",
  "01_02_y-flip.jpg__15": "lighter",
  "01_02.jpg__16": "lighter",
  "01_02_y-flip.jpg__16": "lighter",
  "01_02.jpg__17": "lighter",
  "01_02_y-flip.jpg__17": "lighter",
  "01_02.jpg__18": "lighter",
  "01_02_y-flip.jpg__18": "lighter",
  "01_02.jpg__19": "lighter",
  "01_02_y-flip.jpg__19": "lighter",
  "01_02_y-flip.jpg__0": "no",
  "01_02_y-flip_r.jpg__0": "no",
  "01_02_y-flip.jpg__1": "no",
  "01_02_y-flip_r.jpg__1": "no",
  "01_02_y-flip.jpg__2": "yes",
  "01_02_y-flip_r.jpg__2": "yes",
  "01_02_y-flip.jpg__3": "yes",
  "01_02_y-flip_r.jpg__3": "no",
  "01_03.jpg__0": "no",
  "01_03_r.jpg__0": "no",
  "01_03.jpg__1": "no",
  "01_03_r.jpg__1": "no",
  "01_03.jpg__2": "no",
  "01_03_r.jpg__2": "yes",
  "01_03.jpg__3": "no",
  "01_03_r.jpg__3": "no",
  "01_03.jpg__4": "left",
  "01_03_y-flip.jpg__4": "left",
  "01_03.jpg__5": "left",
  "01_03_y-flip.jpg__5": "left",
  "01_03.jpg__6": "left",
  "01_03_y-flip.jpg__6": "left",
  "01_03.jpg__7": "left",
  "01_03_y-flip.jpg__7": "left",
  "01_03.jpg__8": "left",
  "01_03_y-flip.jpg__8": "the lighter",
  "01_03.jpg__9": "left",
  "01_03_y-flip.jpg__9": "left",
  "01_03.jpg__10": "left",
  "01_03_y-flip.jpg__10": "left",
  "01_03.jpg__11": "left",
  "01_03_y-flip.jpg__11": "left",
  "01_03.jpg__12": "lighter",
  "01_03_y-flip.jpg__12": "lighter",
  "01_03.jpg__13": "lighter",
  "01_03_y-flip.jpg__13": "lighter",
  "01_03.jpg__14": "lighter",
  "01_03_y-flip.jpg__14": "lighter",
  "01_03.jpg__15": "lighter",
  "01_03_y-flip.jpg__15": "lighter",
  "01_03.jpg__16": "lighter",
  "01_03_y-flip.jpg__16": "lighter",
  "01_03.jpg__17": "lighter",
  "01_03_y-flip.jpg__17": "lighter",
  "01_03.jpg__18": "lighter",
  "01_03_y-flip.jpg__18": "lighter",
  "01_03.jpg__19": "lighter",
  "01_03_y-flip.jpg__19": "lighter",
  "01_03_y-flip.jpg__0": "no",
  "01_03_y-flip_r.jpg__0": "no",
  "01_03_y-flip.jpg__1": "no",
  "01_03_y-flip_r.jpg__1": "no",
  "01_03_y-flip.jpg__2": "yes",
  "01_03_y-flip_r.jpg__2": "yes",
  "01_03_y-flip.jpg__3": "no",
  "01_03_y-flip_r.jpg__3": "no",
  "01_04.jpg__0": "no",
  "01_04_r.jpg__0": "no",
  "01_04.jpg__1": "yes",
  "01_04_r.jpg__1": "yes",
  "01_04.jpg__2": "yes",
  "01_04_r.jpg__2": "yes",
  "01_04.jpg__3": "yes",
  "01_04_r.jpg__3": "yes",
  "01_04.jpg__4": "left",
  "01_04_y-flip.jpg__4": "left",
  "01_04.jpg__5": "left",
  "01_04_y-flip.jpg__5": "left",
  "01_04.jpg__6": "left",
  "01_04_y-flip.jpg__6": "left",
  "01_04.jpg__7": "left",
  "01_04_y-flip.jpg__7": "left",
  "01_04.jpg__8": "left",
  "01_04_y-flip.jpg__8": "left",
  "01_04.jpg__9": "left",
  "01_04_y-flip.jpg__9": "left",
  "01_04.jpg__10": "left",
  "01_04_y-flip.jpg__10": "left",
  "01_04.jpg__11": "left",
  "01_04_y-flip.jpg__11": "left",
  "01_04.jpg__12": "lighter",
  "01_04_y-flip.jpg__12": "lighter",
  "01_04.jpg__13": "lighter",
  "01_04_y-flip.jpg__13": "lighter",
  "01_04.jpg__14": "lighter",
  "01_04_y-flip.jpg__14": "lighter",
  "01_04.jpg__15": "lighter",
  "01_04_y-flip.jpg__15": "lighter",
  "01_04.jpg__16": "lighter",
  "01_04_y-flip.jpg__16": "lighter",
  "01_04.jpg__17": "lighter",
  "01_04_y-flip.jpg__17": "lighter",
  "01_04.jpg__18": "lighter",
  "01_04_y-flip.jpg__18": "lighter",
  "01_04.jpg__19": "lighter",
  "01_04_y-flip.jpg__19": "lighter",
  "01_04_y-flip.jpg__0": "no",
  "01_04_y-flip_r.jpg__0": "no",
  "01_04_y-flip.jpg__1": "yes",
  "01_04_y-flip_r.jpg__1": "yes",
  "01_04_y-flip.jpg__2": "yes",
  "01_04_y-flip_r.jpg__2": "yes",
  "01_04_y-flip.jpg__3": "yes",
  "01_04_y-flip_r.jpg__3": "yes",
  "02_01.jpg__0": "no",
  "02_01_r.jpg__0": "no",
  "02_01.jpg__1": "no",
  "02_01_r.jpg__1": "no",
  "02_01.jpg__2": "white",
  "02_01_r.jpg__2": "yes",
  "02_01.jpg__3": "no",
  "02_01_r.jpg__3": "no",
  "02_01.jpg__4": "left",
  "02_01_y-flip.jpg__4": "left",
  "02_01.jpg__5": "left",
  "02_01_y-flip.jpg__5": "left",
  "02_01.jpg__6": "left",
  "02_01_y-flip.jpg__6": "left",
  "02_01.jpg__7": "left",
  "02_01_y-flip.jpg__7": "left",
  "02_01.jpg__8": "left",
  "02_01_y-flip.jpg__8": "left",
  "02_01.jpg__9": "left",
  "02_01_y-flip.jpg__9": "left",
  "02_01.jpg__10": "left",
  "02_01_y-flip.jpg__10": "left",
  "02_01.jpg__11": "left",
  "02_01_y-flip.jpg__11": "left",
  "02_01.jpg__12": "orange",
  "02_01_y-flip.jpg__12": "orange",
  "02_01.jpg__13": "orange",
  "02_01_y-flip.jpg__13": "orange",
  "02_01.jpg__14": "no",
  "02_01_y-flip.jpg__14": "no",
  "02_01.jpg__15": "no",
  "02_01_y-flip.jpg__15": "no",
  "02_01.jpg__16": "orange",
  "02_01_y-flip.jpg__16": "orange",
  "02_01.jpg__17": "orange",
  "02_01_y-flip.jpg__17": "orange",
  "02_01.jpg__18": "no",
  "02_01_y-flip.jpg__18": "no",
  "02_01.jpg__19": "no",
  "02_01_y-flip.jpg__19": "no",
  "02_01_y-flip.jpg__0": "no",
  "02_01_y-flip_r.jpg__0": "no",
  "02_01_y-flip.jpg__1": "no",
  "02_01_y-flip_r.jpg__1": "no",
  "02_01_y-flip.jpg__2": "white",
  "02_01_y-flip_r.jpg__2": "yes",
  "02_01_y-flip.jpg__3": "no",
  "02_01_y-flip_r.jpg__3": "no",
  "02_02.jpg__0": "no",
  "02_02_r.jpg__0": "no",
  "02_02.jpg__1": "no",
  "02_02_r.jpg__1": "no",
  "02_02.jpg__2": "black",
  "02_02_r.jpg__2": "yes",
  "02_02.jpg__3": "no",
  "02_02_r.jpg__3": "no",
  "02_02.jpg__4": "left",
  "02_02_y-flip.jpg__4": "left",
  "02_02.jpg__5": "left",
  "02_02_y-flip.jpg__5": "left",
  "02_02.jpg__6": "left",
  "02_02_y-flip.jpg__6": "left",
  "02_02.jpg__7": "left",
  "02_02_y-flip.jpg__7": "left",
  "02_02.jpg__8": "left",
  "02_02_y-flip.jpg__8": "left",
  "02_02.jpg__9": "left",
  "02_02_y-flip.jpg__9": "left",
  "02_02.jpg__10": "left",
  "02_02_y-flip.jpg__10": "left",
  "02_02.jpg__11": "left",
  "02_02_y-flip.jpg__11": "left",
  "02_02.jpg__12": "purple",
  "02_02_y-flip.jpg__12": "purple",
  "02_02.jpg__13": "purple",
  "02_02_y-flip.jpg__13": "purple",
  "02_02.jpg__14": "purple",
  "02_02_y-flip.jpg__14": "no",
  "02_02.jpg__15": "purple",
  "02_02_y-flip.jpg__15": "no",
  "02_02.jpg__16": "purple",
  "02_02_y-flip.jpg__16": "purple",
  "02_02.jpg__17": "purple",
  "02_02_y-flip.jpg__17": "purple",
  "02_02.jpg__18": "yes",
  "02_02_y-flip.jpg__18": "yes",
  "02_02.jpg__19": "yes",
  "02_02_y-flip.jpg__19": "yes",
  "02_02_y-flip.jpg__0": "no",
  "02_02_y-flip_r.jpg__0": "no",
  "02_02_y-flip.jpg__1": "no",
  "02_02_y-flip_r.jpg__1": "no",
  "02_02_y-flip.jpg__2": "black",
  "02_02_y-flip_r.jpg__2": "yes",
  "02_02_y-flip.jpg__3": "no",
  "02_02_y-flip_r.jpg__3": "no",
  "03_01.jpg__0": "no",
  "03_01_r.jpg__0": "no",
  "03_01.jpg__1": "no",
  "03_01_r.jpg__1": "no",
  "03_01.jpg__2": "yes",
  "03_01_r.jpg__2": "yes",
  "03_01.jpg__3": "no",
  "03_01_r.jpg__3": "no",
  "03_01.jpg__4": "bottom",
  "03_01_x-flip.jpg__4": "bottom",
  "03_01.jpg__5": "bottom",
  "03_01_x-flip.jpg__5": "bottom",
  "03_01.jpg__6": "bottom",
  "03_01_x-flip.jpg__6": "bottom",
  "03_01.jpg__7": "bottom",
  "03_01_x-flip.jpg__7": "bottom",
  "03_01.jpg__8": "the lighter",
  "03_01_x-flip.jpg__8": "bottom",
  "03_01.jpg__9": "left",
  "03_01_x-flip.jpg__9": "bottom",
  "03_01.jpg__10": "right",
  "03_01_x-flip.jpg__10": "bottom",
  "03_01.jpg__11": "left",
  "03_01_x-flip.jpg__11": "bottom",
  "03_01.jpg__12": "lighter",
  "03_01_x-flip.jpg__12": "lighter",
  "03_01.jpg__13": "lighter",
  "03_01_x-flip.jpg__13": "lighter",
  "03_01.jpg__14": "lighter",
  "03_01_x-flip.jpg__14": "lighter",
  "03_01.jpg__15": "lighter",
  "03_01_x-flip.jpg__15": "lighter",
  "03_01.jpg__16": "lighter",
  "03_01_x-flip.jpg__16": "lighter",
  "03_01.jpg__17": "lighter",
  "03_01_x-flip.jpg__17": "lighter",
  "03_01.jpg__18": "lighter",
  "03_01_x-flip.jpg__18": "lighter",
  "03_01.jpg__19": "lighter",
  "03_01_x-flip.jpg__19": "lighter",
  "03_01_x-flip.jpg__0": "no",
  "03_01_x-flip_r.jpg__0": "no",
  "03_01_x-flip.jpg__1": "no",
  "03_01_x-flip_r.jpg__1": "no",
  "03_01_x-flip.jpg__2": "black",
  "03_01_x-flip_r.jpg__2": "yes",
  "03_01_x-flip.jpg__3": "yes",
  "03_01_x-flip_r.jpg__3": "no",
  "03_02.jpg__0": "no",
  "03_02_r.jpg__0": "no",
  "03_02.jpg__1": "no",
  "03_02_r.jpg__1": "no",
  "03_02.jpg__2": "no",
  "03_02_r.jpg__2": "yes",
  "03_02.jpg__3": "no",
  "03_02_r.jpg__3": "no",
  "03_02.jpg__4": "bottom",
  "03_02_x-flip.jpg__4": "bottom",
  "03_02.jpg__5": "bottom",
  "03_02_x-flip.jpg__5": "bottom",
  "03_02.jpg__6": "bottom",
  "03_02_x-flip.jpg__6": "bottom",
  "03_02.jpg__7": "bottom",
  "03_02_x-flip.jpg__7": "bottom",
  "03_02.jpg__8": "left",
  "03_02_x-flip.jpg__8": "top",
  "03_02.jpg__9": "the lighter",
  "03_02_x-flip.jpg__9": "the lighter",
  "03_02.jpg__10": "left",
  "03_02_x-flip.jpg__10": "left",
  "03_02.jpg__11": "left",
  "03_02_x-flip.jpg__11": "top",
  "03_02.jpg__12": "lighter",
  "03_02_x-flip.jpg__12": "lighter",
  "03_02.jpg__13": "lighter",
  "03_02_x-flip.jpg__13": "lighter",
  "03_02.jpg__14": "lighter",
  "03_02_x-flip.jpg__14": "lighter",
  "03_02.jpg__15": "lighter",
  "03_02_x-flip.jpg__15": "lighter",
  "03_02.jpg__16": "lighter",
  "03_02_x-flip.jpg__16": "lighter",
  "03_02.jpg__17": "lighter",
  "03_02_x-flip.jpg__17": "lighter",
  "03_02.jpg__18": "lighter",
  "03_02_x-flip.jpg__18": "lighter",
  "03_02.jpg__19": "lighter",
  "03_02_x-flip.jpg__19": "lighter",
  "03_02_x-flip.jpg__0": "no",
  "03_02_x-flip_r.jpg__0": "no",
  "03_02_x-flip.jpg__1": "no",
  "03_02_x-flip_r.jpg__1": "no",
  "03_02_x-flip.jpg__2": "black",
  "03_02_x-flip_r.jpg__2": "yes",
  "03_02_x-flip.jpg__3": "no",
  "03_02_x-flip_r.jpg__3": "no",
  "03_03.jpg__0": "no",
  "03_03_r.jpg__0": "no",
  "03_03.jpg__1": "no",
  "03_03_r.jpg__1": "no",
  "03_03.jpg__2": "no",
  "03_03_r.jpg__2": "yes",
  "03_03.jpg__3": "no",
  "03_03_r.jpg__3": "no",
  "03_03.jpg__4": "bottom",
  "03_03_x-flip.jpg__4": "bottom",
  "03_03.jpg__5": "bottom",
  "03_03_x-flip.jpg__5": "top",
  "03_03.jpg__6": "bottom",
  "03_03_x-flip.jpg__6": "bottom",
  "03_03.jpg__7": "bottom",
  "03_03_x-flip.jpg__7": "top",
  "03_03.jpg__8": "the lighter",
  "03_03_x-flip.jpg__8": "the lighter",
  "03_03.jpg__9": "left",
  "03_03_x-flip.jpg__9": "bottom",
  "03_03.jpg__10": "left",
  "03_03_x-flip.jpg__10": "bottom",
  "03_03.jpg__11": "left",
  "03_03_x-flip.jpg__11": "bottom",
  "03_03.jpg__12": "lighter",
  "03_03_x-flip.jpg__12": "lighter",
  "03_03.jpg__13": "lighter",
  "03_03_x-flip.jpg__13": "lighter",
  "03_03.jpg__14": "lighter",
  "03_03_x-flip.jpg__14": "lighter",
  "03_03.jpg__15": "lighter",
  "03_03_x-flip.jpg__15": "lighter",
  "03_03.jpg__16": "lighter",
  "03_03_x-flip.jpg__16": "lighter",
  "03_03.jpg__17": "lighter",
  "03_03_x-flip.jpg__17": "lighter",
  "03_03.jpg__18": "lighter",
  "03_03_x-flip.jpg__18": "lighter",
  "03_03.jpg__19": "lighter",
  "03_03_x-flip.jpg__19": "lighter",
  "03_03_x-flip.jpg__0": "no",
  "03_03_x-flip_r.jpg__0": "no",
  "03_03_x-flip.jpg__1": "no",
  "03_03_x-flip_r.jpg__1": "no",
  "03_03_x-flip.jpg__2": "black",
  "03_03_x-flip_r.jpg__2": "yes",
  "03_03_x-flip.jpg__3": "no",
  "03_03_x-flip_r.jpg__3": "no",
  "03_04.jpg__0": "no",
  "03_04_r.jpg__0": "no",
  "03_04.jpg__1": "no",
  "03_04_r.jpg__1": "no",
  "03_04.jpg__2": "yes",
  "03_04_r.jpg__2": "yes",
  "03_04.jpg__3": "no",
  "03_04_r.jpg__3": "no",
  "03_04.jpg__4": "bottom",
  "03_04_x-flip.jpg__4": "bottom",
  "03_04.jpg__5": "bottom",
  "03_04_x-flip.jpg__5": "bottom",
  "03_04.jpg__6": "bottom",
  "03_04_x-flip.jpg__6": "bottom",
  "03_04.jpg__7": "bottom",
  "03_04_x-flip.jpg__7": "bottom",
  "03_04.jpg__8": "the lighter",
  "03_04_x-flip.jpg__8": "bottom",
  "03_04.jpg__9": "left",
  "03_04_x-flip.jpg__9": "bottom",
  "03_04.jpg__10": "right",
  "03_04_x-flip.jpg__10": "bottom",
  "03_04.jpg__11": "left",
  "03_04_x-flip.jpg__11": "bottom",
  "03_04.jpg__12": "lighter",
  "03_04_x-flip.jpg__12": "lighter",
  "03_04.jpg__13": "lighter",
  "03_04_x-flip.jpg__13": "lighter",
  "03_04.jpg__14": "lighter",
  "03_04_x-flip.jpg__14": "lighter",
  "03_04.jpg__15": "lighter",
  "03_04_x-flip.jpg__15": "lighter",
  "03_04.jpg__16": "lighter",
  "03_04_x-flip.jpg__16": "lighter",
  "03_04.jpg__17": "lighter",
  "03_04_x-flip.jpg__17": "lighter",
  "03_04.jpg__18": "lighter",
  "03_04_x-flip.jpg__18": "lighter",
  "03_04.jpg__19": "lighter",
  "03_04_x-flip.jpg__19": "lighter",
  "03_04_x-flip.jpg__0": "no",
  "03_04_x-flip_r.jpg__0": "no",
  "03_04_x-flip.jpg__1": "no",
  "03_04_x-flip_r.jpg__1": "no",
  "03_04_x-flip.jpg__2": "black",
  "03_04_x-flip_r.jpg__2": "yes",
  "03_04_x-flip.jpg__3": "no",
  "03_04_x-flip_r.jpg__3": "no",
  "03_05.jpg__0": "no",
  "03_05_r.jpg__0": "no",
  "03_05.jpg__1": "no",
  "03_05_r.jpg__1": "no",
  "03_05.jpg__2": "yes",
  "03_05_r.jpg__2": "yes",
  "03_05.jpg__3": "no",
  "03_05_r.jpg__3": "no",
  "03_05.jpg__4": "bottom",
  "03_05_x-flip.jpg__4": "top",
  "03_05.jpg__5": "bottom",
  "03_05_x-flip.jpg__5": "bottom",
  "03_05.jpg__6": "bottom",
  "03_05_x-flip.jpg__6": "top",
  "03_05.jpg__7": "bottom",
  "03_05_x-flip.jpg__7": "bottom",
  "03_05.jpg__8": "the lighter",
  "03_05_x-flip.jpg__8": "the lighter",
  "03_05.jpg__9": "right",
  "03_05_x-flip.jpg__9": "bottom",
  "03_05.jpg__10": "right",
  "03_05_x-flip.jpg__10": "bottom",
  "03_05.jpg__11": "right",
  "03_05_x-flip.jpg__11": "left",
  "03_05.jpg__12": "lighter",
  "03_05_x-flip.jpg__12": "lighter",
  "03_05.jpg__13": "lighter",
  "03_05_x-flip.jpg__13": "lighter",
  "03_05.jpg__14": "lighter",
  "03_05_x-flip.jpg__14": "lighter",
  "03_05.jpg__15": "lighter",
  "03_05_x-flip.jpg__15": "lighter",
  "03_05.jpg__16": "lighter",
  "03_05_x-flip.jpg__16": "lighter",
  "03_05.jpg__17": "lighter",
  "03_05_x-flip.jpg__17": "lighter",
  "03_05.jpg__18": "lighter",
  "03_05_x-flip.jpg__18": "lighter",
  "03_05.jpg__19": "lighter",
  "03_05_x-flip.jpg__19": "lighter",
  "03_05_x-flip.jpg__0": "no",
  "03_05_x-flip_r.jpg__0": "no",
  "03_05_x-flip.jpg__1": "no",
  "03_05_x-flip_r.jpg__1": "no",
  "03_05_x-flip.jpg__2": "black",
  "03_05_x-flip_r.jpg__2": "yes",
  "03_05_x-flip.jpg__3": "no",
  "03_05_x-flip_r.jpg__3": "no",
  "03_06.jpg__0": "no",
  "03_06_r.jpg__0": "no",
  "03_06.jpg__1": "no",
  "03_06_r.jpg__1": "no",
  "03_06.jpg__2": "yes",
  "03_06_r.jpg__2": "yes",
  "03_06.jpg__3": "no",
  "03_06_r.jpg__3": "no",
  "03_06.jpg__4": "bottom",
  "03_06_x-flip.jpg__4": "bottom",
  "03_06.jpg__5": "bottom",
  "03_06_x-flip.jpg__5": "bottom",
  "03_06.jpg__6": "bottom",
  "03_06_x-flip.jpg__6": "bottom",
  "03_06.jpg__7": "bottom",
  "03_06_x-flip.jpg__7": "bottom",
  "03_06.jpg__8": "the lighter",
  "03_06_x-flip.jpg__8": "the lighter",
  "03_06.jpg__9": "bottom",
  "03_06_x-flip.jpg__9": "bottom",
  "03_06.jpg__10": "left",
  "03_06_x-flip.jpg__10": "bottom",
  "03_06.jpg__11": "left",
  "03_06_x-flip.jpg__11": "bottom",
  "03_06.jpg__12": "lighter",
  "03_06_x-flip.jpg__12": "lighter",
  "03_06.jpg__13": "lighter",
  "03_06_x-flip.jpg__13": "lighter",
  "03_06.jpg__14": "lighter",
  "03_06_x-flip.jpg__14": "lighter",
  "03_06.jpg__15": "lighter",
  "03_06_x-flip.jpg__15": "lighter",
  "03_06.jpg__16": "lighter",
  "03_06_x-flip.jpg__16": "lighter",
  "03_06.jpg__17": "lighter",
  "03_06_x-flip.jpg__17": "lighter",
  "03_06.jpg__18": "lighter",
  "03_06_x-flip.jpg__18": "lighter",
  "03_06.jpg__19": "lighter",
  "03_06_x-flip.jpg__19": "lighter",
  "03_06_x-flip.jpg__0": "no",
  "03_06_x-flip_r.jpg__0": "no",
  "03_06_x-flip.jpg__1": "no",
  "03_06_x-flip_r.jpg__1": "no",
  "03_06_x-flip.jpg__2": "black",
  "03_06_x-flip_r.jpg__2": "yes",
  "03_06_x-flip.jpg__3": "no",
  "03_06_x-flip_r.jpg__3": "no",
  "04_01.jpg__0": "no",
  "04_01_r.jpg__0": "no",
  "04_01.jpg__1": "no",
  "04_01_r.jpg__1": "no",
  "04_01.jpg__2": "yes",
  "04_01_r.jpg__2": "yes",
  "04_01.jpg__3": "no",
  "04_01_r.jpg__3": "no",
  "04_01.jpg__4": "right",
  "04_01_y-flip.jpg__4": "left",
  "04_01.jpg__5": "left",
  "04_01_y-flip.jpg__5": "left",
  "04_01.jpg__6": "left",
  "04_01_y-flip.jpg__6": "left",
  "04_01.jpg__7": "left",
  "04_01_y-flip.jpg__7": "left",
  "04_01.jpg__8": "the lighter",
  "04_01_y-flip.jpg__8": "the lighter",
  "04_01.jpg__9": "left",
  "04_01_y-flip.jpg__9": "left",
  "04_01.jpg__10": "left",
  "04_01_y-flip.jpg__10": "left",
  "04_01.jpg__11": "left",
  "04_01_y-flip.jpg__11": "left",
  "04_01.jpg__12": "lighter",
  "04_01_y-flip.jpg__12": "lighter",
  "04_01.jpg__13": "lighter",
  "04_01_y-flip.jpg__13": "lighter",
  "04_01.jpg__14": "darker",
  "04_01_y-flip.jpg__14": "darker",
  "04_01.jpg__15": "darker",
  "04_01_y-flip.jpg__15": "darker",
  "04_01.jpg__16": "lighter",
  "04_01_y-flip.jpg__16": "lighter",
  "04_01.jpg__17": "lighter",
  "04_01_y-flip.jpg__17": "lighter",
  "04_01.jpg__18": "lighter",
  "04_01_y-flip.jpg__18": "lighter",
  "04_01.jpg__19": "lighter",
  "04_01_y-flip.jpg__19": "lighter",
  "04_01_y-flip.jpg__0": "no",
  "04_01_y-flip_r.jpg__0": "no",
  "04_01_y-flip.jpg__1": "no",
  "04_01_y-flip_r.jpg__1": "no",
  "04_01_y-flip.jpg__2": "yes",
  "04_01_y-flip_r.jpg__2": "yes",
  "04_01_y-flip.jpg__3": "no",
  "04_01_y-flip_r.jpg__3": "no",
  "04_02.jpg__0": "no",
  "04_02_r.jpg__0": "no",
  "04_02.jpg__1": "no",
  "04_02_r.jpg__1": "no",
  "04_02.jpg__2": "yes",
  "04_02_r.jpg__2": "yes",
  "04_02.jpg__3": "no",
  "04_02_r.jpg__3": "no",
  "04_02.jpg__4": "left",
  "04_02_y-flip.jpg__4": "left",
  "04_02.jpg__5": "left",
  "04_02_y-flip.jpg__5": "left",
  "04_02.jpg__6": "left",
  "04_02_y-flip.jpg__6": "left",
  "04_02.jpg__7": "left",
  "04_02_y-flip.jpg__7": "left",
  "04_02.jpg__8": "left",
  "04_02_y-flip.jpg__8": "left",
  "04_02.jpg__9": "left",
  "04_02_y-flip.jpg__9": "left",
  "04_02.jpg__10": "left",
  "04_02_y-flip.jpg__10": "left",
  "04_02.jpg__11": "left",
  "04_02_y-flip.jpg__11": "left",
  "04_02.jpg__12": "lighter",
  "04_02_y-flip.jpg__12": "lighter",
  "04_02.jpg__13": "lighter",
  "04_02_y-flip.jpg__13": "lighter",
  "04_02.jpg__14": "darker",
  "04_02_y-flip.jpg__14": "darker",
  "04_02.jpg__15": "darker",
  "04_02_y-flip.jpg__15": "darker",
  "04_02.jpg__16": "lighter",
  "04_02_y-flip.jpg__16": "lighter",
  "04_02.jpg__17": "lighter",
  "04_02_y-flip.jpg__17": "lighter",
  "04_02.jpg__18": "lighter",
  "04_02_y-flip.jpg__18": "lighter",
  "04_02.jpg__19": "lighter",
  "04_02_y-flip.jpg__19": "lighter",
  "04_02_y-flip.jpg__0": "no",
  "04_02_y-flip_r.jpg__0": "no",
  "04_02_y-flip.jpg__1": "yes",
  "04_02_y-flip_r.jpg__1": "no",
  "04_02_y-flip.jpg__2": "yes",
  "04_02_y-flip_r.jpg__2": "yes",
  "04_02_y-flip.jpg__3": "yes",
  "04_02_y-flip_r.jpg__3": "no",
  "04_03.jpg__0": "no",
  "04_03_r.jpg__0": "no",
  "04_03.jpg__1": "no",
  "04_03_r.jpg__1": "yes",
  "04_03.jpg__2": "yes",
  "04_03_r.jpg__2": "yes",
  "04_03.jpg__3": "no",
  "04_03_r.jpg__3": "no",
  "04_03.jpg__4": "left",
  "04_03_y-flip.jpg__4": "left",
  "04_03.jpg__5": "left",
  "04_03_y-flip.jpg__5": "left",
  "04_03.jpg__6": "left",
  "04_03_y-flip.jpg__6": "left",
  "04_03.jpg__7": "left",
  "04_03_y-flip.jpg__7": "left",
  "04_03.jpg__8": "left",
  "04_03_y-flip.jpg__8": "left",
  "04_03.jpg__9": "the lighter",
  "04_03_y-flip.jpg__9": "left",
  "04_03.jpg__10": "left",
  "04_03_y-flip.jpg__10": "left",
  "04_03.jpg__11": "left",
  "04_03_y-flip.jpg__11": "left",
  "04_03.jpg__12": "lighter",
  "04_03_y-flip.jpg__12": "lighter",
  "04_03.jpg__13": "lighter",
  "04_03_y-flip.jpg__13": "lighter",
  "04_03.jpg__14": "lighter",
  "04_03_y-flip.jpg__14": "lighter",
  "04_03.jpg__15": "lighter",
  "04_03_y-flip.jpg__15": "lighter",
  "04_03.jpg__16": "lighter",
  "04_03_y-flip.jpg__16": "lighter",
  "04_03.jpg__17": "lighter",
  "04_03_y-flip.jpg__17": "lighter",
  "04_03.jpg__18": "lighter",
  "04_03_y-flip.jpg__18": "lighter",
  "04_03.jpg__19": "lighter",
  "04_03_y-flip.jpg__19": "lighter",
  "04_03_y-flip.jpg__0": "no",
  "04_03_y-flip_r.jpg__0": "no",
  "04_03_y-flip.jpg__1": "no",
  "04_03_y-flip_r.jpg__1": "yes",
  "04_03_y-flip.jpg__2": "white",
  "04_03_y-flip_r.jpg__2": "yes",
  "04_03_y-flip.jpg__3": "yes",
  "04_03_y-flip_r.jpg__3": "no",
  "04_04.jpg__0": "no",
  "04_04_r.jpg__0": "no",
  "04_04.jpg__1": "yes",
  "04_04_r.jpg__1": "no",
  "04_04.jpg__2": "yes",
  "04_04_r.jpg__2": "yes",
  "04_04.jpg__3": "yes",
  "04_04_r.jpg__3": "no",
  "04_04.jpg__4": "left",
  "04_04_y-flip.jpg__4": "left",
  "04_04.jpg__5": "left",
  "04_04_y-flip.jpg__5": "left",
  "04_04.jpg__6": "left",
  "04_04_y-flip.jpg__6": "left",
  "04_04.jpg__7": "left",
  "04_04_y-flip.jpg__7": "left",
  "04_04.jpg__8": "left",
  "04_04_y-flip.jpg__8": "left",
  "04_04.jpg__9": "the lighter",
  "04_04_y-flip.jpg__9": "the lighter",
  "04_04.jpg__10": "left",
  "04_04_y-flip.jpg__10": "left",
  "04_04.jpg__11": "left",
  "04_04_y-flip.jpg__11": "left",
  "04_04.jpg__12": "lighter",
  "04_04_y-flip.jpg__12": "lighter",
  "04_04.jpg__13": "lighter",
  "04_04_y-flip.jpg__13": "lighter",
  "04_04.jpg__14": "darker",
  "04_04_y-flip.jpg__14": "darker",
  "04_04.jpg__15": "darker",
  "04_04_y-flip.jpg__15": "darker",
  "04_04.jpg__16": "lighter",
  "04_04_y-flip.jpg__16": "lighter",
  "04_04.jpg__17": "lighter",
  "04_04_y-flip.jpg__17": "lighter",
  "04_04.jpg__18": "lighter",
  "04_04_y-flip.jpg__18": "lighter",
  "04_04.jpg__19": "lighter",
  "04_04_y-flip.jpg__19": "lighter",
  "04_04_y-flip.jpg__0": "no",
  "04_04_y-flip_r.jpg__0": "no",
  "04_04_y-flip.jpg__1": "yes",
  "04_04_y-flip_r.jpg__1": "no",
  "04_04_y-flip.jpg__2": "yes",
  "04_04_y-flip_r.jpg__2": "yes",
  "04_04_y-flip.jpg__3": "yes",
  "04_04_y-flip_r.jpg__3": "no",
  "04_05.jpg__0": "no",
  "04_05_r.jpg__0": "no",
  "04_05.jpg__1": "yes",
  "04_05_r.jpg__1": "no",
  "04_05.jpg__2": "yes",
  "04_05_r.jpg__2": "yes",
  "04_05.jpg__3": "no",
  "04_05_r.jpg__3": "no",
  "04_05.jpg__4": "left",
  "04_05_y-flip.jpg__4": "left",
  "04_05.jpg__5": "left",
  "04_05_y-flip.jpg__5": "left",
  "04_05.jpg__6": "left",
  "04_05_y-flip.jpg__6": "left",
  "04_05.jpg__7": "left",
  "04_05_y-flip.jpg__7": "left",
  "04_05.jpg__8": "left",
  "04_05_y-flip.jpg__8": "left",
  "04_05.jpg__9": "the lighter",
  "04_05_y-flip.jpg__9": "left",
  "04_05.jpg__10": "left",
  "04_05_y-flip.jpg__10": "left",
  "04_05.jpg__11": "left",
  "04_05_y-flip.jpg__11": "left",
  "04_05.jpg__12": "lighter",
  "04_05_y-flip.jpg__12": "lighter",
  "04_05.jpg__13": "lighter",
  "04_05_y-flip.jpg__13": "lighter",
  "04_05.jpg__14": "darker",
  "04_05_y-flip.jpg__14": "darker",
  "04_05.jpg__15": "darker",
  "04_05_y-flip.jpg__15": "darker",
  "04_05.jpg__16": "lighter",
  "04_05_y-flip.jpg__16": "lighter",
  "04_05.jpg__17": "lighter",
  "04_05_y-flip.jpg__17": "lighter",
  "04_05.jpg__18": "lighter",
  "04_05_y-flip.jpg__18": "lighter",
  "04_05.jpg__19": "lighter",
  "04_05_y-flip.jpg__19": "lighter",
  "04_05_y-flip.jpg__0": "no",
  "04_05_y-flip_r.jpg__0": "no",
  "04_05_y-flip.jpg__1": "yes",
  "04_05_y-flip_r.jpg__1": "no",
  "04_05_y-flip.jpg__2": "yes",
  "04_05_y-flip_r.jpg__2": "yes",
  "04_05_y-flip.jpg__3": "yes",
  "04_05_y-flip_r.jpg__3": "no",
  "04_06.jpg__0": "no",
  "04_06_r.jpg__0": "no",
  "04_06.jpg__1": "no",
  "04_06_r.jpg__1": "no",
  "04_06.jpg__2": "yes",
  "04_06_r.jpg__2": "yes",
  "04_06.jpg__3": "no",
  "04_06_r.jpg__3": "no",
  "04_06.jpg__4": "left",
  "04_06_y-flip.jpg__4": "left",
  "04_06.jpg__5": "left",
  "04_06_y-flip.jpg__5": "left",
  "04_06.jpg__6": "left",
  "04_06_y-flip.jpg__6": "left",
  "04_06.jpg__7": "left",
  "04_06_y-flip.jpg__7": "left",
  "04_06.jpg__8": "left",
  "04_06_y-flip.jpg__8": "left",
  "04_06.jpg__9": "the lighter",
  "04_06_y-flip.jpg__9": "the lighter",
  "04_06.jpg__10": "left",
  "04_06_y-flip.jpg__10": "left",
  "04_06.jpg__11": "left",
  "04_06_y-flip.jpg__11": "left",
  "04_06.jpg__12": "lighter",
  "04_06_y-flip.jpg__12": "lighter",
  "04_06.jpg__13": "lighter",
  "04_06_y-flip.jpg__13": "lighter",
  "04_06.jpg__14": "lighter",
  "04_06_y-flip.jpg__14": "lighter",
  "04_06.jpg__15": "lighter",
  "04_06_y-flip.jpg__15": "lighter",
  "04_06.jpg__16": "lighter",
  "04_06_y-flip.jpg__16": "lighter",
  "04_06.jpg__17": "lighter",
  "04_06_y-flip.jpg__17": "lighter",
  "04_06.jpg__18": "lighter",
  "04_06_y-flip.jpg__18": "lighter",
  "04_06.jpg__19": "lighter",
  "04_06_y-flip.jpg__19": "lighter",
  "04_06_y-flip.jpg__0": "no",
  "04_06_y-flip_r.jpg__0": "no",
  "04_06_y-flip.jpg__1": "yes",
  "04_06_y-flip_r.jpg__1": "no",
  "04_06_y-flip.jpg__2": "yes",
  "04_06_y-flip_r.jpg__2": "yes",
  "04_06_y-flip.jpg__3": "yes",
  "04_06_y-flip_r.jpg__3": "no",
  "04_07.jpg__0": "no",
  "04_07_r.jpg__0": "no",
  "04_07.jpg__1": "no",
  "04_07_r.jpg__1": "no",
  "04_07.jpg__2": "yes",
  "04_07_r.jpg__2": "yes",
  "04_07.jpg__3": "no",
  "04_07_r.jpg__3": "no",
  "04_07.jpg__4": "left",
  "04_07_y-flip.jpg__4": "left",
  "04_07.jpg__5": "left",
  "04_07_y-flip.jpg__5": "left",
  "04_07.jpg__6": "left",
  "04_07_y-flip.jpg__6": "left",
  "04_07.jpg__7": "left",
  "04_07_y-flip.jpg__7": "left",
  "04_07.jpg__8": "the lighter",
  "04_07_y-flip.jpg__8": "left",
  "04_07.jpg__9": "left",
  "04_07_y-flip.jpg__9": "left",
  "04_07.jpg__10": "left",
  "04_07_y-flip.jpg__10": "left",
  "04_07.jpg__11": "left",
  "04_07_y-flip.jpg__11": "left",
  "04_07.jpg__12": "lighter",
  "04_07_y-flip.jpg__12": "lighter",
  "04_07.jpg__13": "lighter",
  "04_07_y-flip.jpg__13": "lighter",
  "04_07.jpg__14": "lighter",
  "04_07_y-flip.jpg__14": "lighter",
  "04_07.jpg__15": "lighter",
  "04_07_y-flip.jpg__15": "lighter",
  "04_07.jpg__16": "lighter",
  "04_07_y-flip.jpg__16": "lighter",
  "04_07.jpg__17": "lighter",
  "04_07_y-flip.jpg__17": "lighter",
  "04_07.jpg__18": "lighter",
  "04_07_y-flip.jpg__18": "lighter",
  "04_07.jpg__19": "lighter",
  "04_07_y-flip.jpg__19": "lighter",
  "04_07_y-flip.jpg__0": "no",
  "04_07_y-flip_r.jpg__0": "no",
  "04_07_y-flip.jpg__1": "no",
  "04_07_y-flip_r.jpg__1": "no",
  "04_07_y-flip.jpg__2": "no",
  "04_07_y-flip_r.jpg__2": "yes",
  "04_07_y-flip.jpg__3": "no",
  "04_07_y-flip_r.jpg__3": "no",
  "05_01.jpg__0": "no",
  "05_01_r.jpg__0": "no",
  "05_01.jpg__1": "yes",
  "05_01_r.jpg__1": "yes",
  "05_01.jpg__2": "yes",
  "05_01_r.jpg__2": "yes",
  "05_01.jpg__3": "yes",
  "05_01_r.jpg__3": "yes",
  "05_01.jpg__4": "b",
  "05_01_s-flip.jpg__4": "b",
  "05_01.jpg__5": "b",
  "05_01_s-flip.jpg__5": "b",
  "05_01.jpg__6": "b",
  "05_01_s-flip.jpg__6": "b",
  "05_01.jpg__7": "b",
  "05_01_s-flip.jpg__7": "b",
  "05_01.jpg__8": "left",
  "05_01_s-flip.jpg__8": "left",
  "05_01.jpg__9": "left",
  "05_01_s-flip.jpg__9": "left",
  "05_01.jpg__10": "left",
  "05_01_s-flip.jpg__10": "left",
  "05_01.jpg__11": "left",
  "05_01_s-flip.jpg__11": "left",
  "05_01.jpg__12": "lighter",
  "05_01_s-flip.jpg__12": "lighter",
  "05_01.jpg__13": "lighter",
  "05_01_s-flip.jpg__13": "lighter",
  "05_01.jpg__14": "lighter",
  "05_01_s-flip.jpg__14": "lighter",
  "05_01.jpg__15": "lighter",
  "05_01_s-flip.jpg__15": "lighter",
  "05_01.jpg__16": "lighter",
  "05_01_s-flip.jpg__16": "lighter",
  "05_01.jpg__17": "lighter",
  "05_01_s-flip.jpg__17": "lighter",
  "05_01.jpg__18": "lighter",
  "05_01_s-flip.jpg__18": "lighter",
  "05_01.jpg__19": "lighter",
  "05_01_s-flip.jpg__19": "lighter",
  "05_01_s-flip.jpg__0": "no",
  "05_01_s-flip_r.jpg__0": "no",
  "05_01_s-flip.jpg__1": "yes",
  "05_01_s-flip_r.jpg__1": "yes",
  "05_01_s-flip.jpg__2": "yes",
  "05_01_s-flip_r.jpg__2": "yes",
  "05_01_s-flip.jpg__3": "yes",
  "05_01_s-flip_r.jpg__3": "yes",
  "05_02.jpg__0": "yes",
  "05_02_r.jpg__0": "no",
  "05_02.jpg__1": "yes",
  "05_02_r.jpg__1": "yes",
  "05_02.jpg__2": "yes",
  "05_02_r.jpg__2": "yes",
  "05_02.jpg__3": "yes",
  "05_02_r.jpg__3": "yes",
  "05_02.jpg__4": "b",
  "05_02_s-flip.jpg__4": "b",
  "05_02.jpg__5": "b",
  "05_02_s-flip.jpg__5": "b",
  "05_02.jpg__6": "b",
  "05_02_s-flip.jpg__6": "b",
  "05_02.jpg__7": "b",
  "05_02_s-flip.jpg__7": "b",
  "05_02.jpg__8": "left",
  "05_02_s-flip.jpg__8": "left",
  "05_02.jpg__9": "left",
  "05_02_s-flip.jpg__9": "left",
  "05_02.jpg__10": "left",
  "05_02_s-flip.jpg__10": "left",
  "05_02.jpg__11": "left",
  "05_02_s-flip.jpg__11": "left",
  "05_02.jpg__12": "lighter",
  "05_02_s-flip.jpg__12": "lighter",
  "05_02.jpg__13": "lighter",
  "05_02_s-flip.jpg__13": "lighter",
  "05_02.jpg__14": "lighter",
  "05_02_s-flip.jpg__14": "lighter",
  "05_02.jpg__15": "lighter",
  "05_02_s-flip.jpg__15": "lighter",
  "05_02.jpg__16": "lighter",
  "05_02_s-flip.jpg__16": "lighter",
  "05_02.jpg__17": "lighter",
  "05_02_s-flip.jpg__17": "lighter",
  "05_02.jpg__18": "lighter",
  "05_02_s-flip.jpg__18": "lighter",
  "05_02.jpg__19": "lighter",
  "05_02_s-flip.jpg__19": "lighter",
  "05_02_s-flip.jpg__0": "no",
  "05_02_s-flip_r.jpg__0": "no",
  "05_02_s-flip.jpg__1": "yes",
  "05_02_s-flip_r.jpg__1": "yes",
  "05_02_s-flip.jpg__2": "yes",
  "05_02_s-flip_r.jpg__2": "yes",
  "05_02_s-flip.jpg__3": "yes",
  "05_02_s-flip_r.jpg__3": "yes",
  "06_01.jpg__0": "no",
  "06_01_r.jpg__0": "no",
  "06_01.jpg__1": "yes",
  "06_01_r.jpg__1": "no",
  "06_01.jpg__2": "yes",
  "06_01_r.jpg__2": "yes",
  "06_01.jpg__3": "yes",
  "06_01_r.jpg__3": "no",
  "06_01.jpg__4": "right",
  "06_01_y-flip.jpg__4": "left",
  "06_01.jpg__5": "left",
  "06_01_y-flip.jpg__5": "left",
  "06_01.jpg__6": "right",
  "06_01_y-flip.jpg__6": "right",
  "06_01.jpg__7": "left",
  "06_01_y-flip.jpg__7": "right",
  "06_01.jpg__8": "bottom",
  "06_01_y-flip.jpg__8": "left",
  "06_01.jpg__9": "bottom",
  "06_01_y-flip.jpg__9": "left",
  "06_01.jpg__10": "left",
  "06_01_y-flip.jpg__10": "left",
  "06_01.jpg__11": "bottom",
  "06_01_y-flip.jpg__11": "left",
  "06_01.jpg__12": "yellow",
  "06_01_y-flip.jpg__12": "yellow",
  "06_01.jpg__13": "yellow",
  "06_01_y-flip.jpg__13": "yellow",
  "06_01.jpg__14": "no",
  "06_01_y-flip.jpg__14": "no",
  "06_01.jpg__15": "no",
  "06_01_y-flip.jpg__15": "no",
  "06_01.jpg__16": "yellow",
  "06_01_y-flip.jpg__16": "yellow",
  "06_01.jpg__17": "yellow",
  "06_01_y-flip.jpg__17": "yellow",
  "06_01.jpg__18": "no",
  "06_01_y-flip.jpg__18": "no",
  "06_01.jpg__19": "no",
  "06_01_y-flip.jpg__19": "no",
  "06_01_y-flip.jpg__0": "no",
  "06_01_y-flip_r.jpg__0": "no",
  "06_01_y-flip.jpg__1": "no",
  "06_01_y-flip_r.jpg__1": "yes",
  "06_01_y-flip.jpg__2": "yes",
  "06_01_y-flip_r.jpg__2": "yes",
  "06_01_y-flip.jpg__3": "no",
  "06_01_y-flip_r.jpg__3": "yes",
  "06_02.jpg__0": "no",
  "06_02_r.jpg__0": "no",
  "06_02.jpg__1": "no",
  "06_02_r.jpg__1": "no",
  "06_02.jpg__2": "white",
  "06_02_r.jpg__2": "blue",
  "06_02.jpg__3": "no",
  "06_02_r.jpg__3": "no",
  "06_02.jpg__4": "left",
  "06_02_y-flip.jpg__4": "left",
  "06_02.jpg__5": "left",
  "06_02_y-flip.jpg__5": "left",
  "06_02.jpg__6": "left",
  "06_02_y-flip.jpg__6": "left",
  "06_02.jpg__7": "left",
  "06_02_y-flip.jpg__7": "left",
  "06_02.jpg__8": "yes",
  "06_02_y-flip.jpg__8": "left",
  "06_02.jpg__9": "yes",
  "06_02_y-flip.jpg__9": "left",
  "06_02.jpg__10": "left",
  "06_02_y-flip.jpg__10": "left",
  "06_02.jpg__11": "left",
  "06_02_y-flip.jpg__11": "left",
  "06_02.jpg__12": "red",
  "06_02_y-flip.jpg__12": "red",
  "06_02.jpg__13": "red",
  "06_02_y-flip.jpg__13": "red",
  "06_02.jpg__14": "no",
  "06_02_y-flip.jpg__14": "no",
  "06_02.jpg__15": "no",
  "06_02_y-flip.jpg__15": "red",
  "06_02.jpg__16": "red",
  "06_02_y-flip.jpg__16": "red",
  "06_02.jpg__17": "red",
  "06_02_y-flip.jpg__17": "red",
  "06_02.jpg__18": "yes",
  "06_02_y-flip.jpg__18": "yes",
  "06_02.jpg__19": "yes",
  "06_02_y-flip.jpg__19": "yes",
  "06_02_y-flip.jpg__0": "no",
  "06_02_y-flip_r.jpg__0": "no",
  "06_02_y-flip.jpg__1": "no",
  "06_02_y-flip_r.jpg__1": "no",
  "06_02_y-flip.jpg__2": "white",
  "06_02_y-flip_r.jpg__2": "blue",
  "06_02_y-flip.jpg__3": "no",
  "06_02_y-flip_r.jpg__3": "no",
  "06_03.jpg__0": "no",
  "06_03_r.jpg__0": "no",
  "06_03.jpg__1": "yes",
  "06_03_r.jpg__1": "yes",
  "06_03.jpg__2": "yes",
  "06_03_r.jpg__2": "yes",
  "06_03.jpg__3": "yes",
  "06_03_r.jpg__3": "yes",
  "06_03.jpg__4": "left",
  "06_03_y-flip.jpg__4": "left",
  "06_03.jpg__5": "left",
  "06_03_y-flip.jpg__5": "left",
  "06_03.jpg__6": "left",
  "06_03_y-flip.jpg__6": "left",
  "06_03.jpg__7": "right",
  "06_03_y-flip.jpg__7": "left",
  "06_03.jpg__8": "bridge",
  "06_03_y-flip.jpg__8": "archway",
  "06_03.jpg__9": "the building",
  "06_03_y-flip.jpg__9": "the building",
  "06_03.jpg__10": "bridge",
  "06_03_y-flip.jpg__10": "bridge",
  "06_03.jpg__11": "windows",
  "06_03_y-flip.jpg__11": "pole",
  "06_03.jpg__12": "blue",
  "06_03_y-flip.jpg__12": "blue",
  "06_03.jpg__13": "blue",
  "06_03_y-flip.jpg__13": "blue",
  "06_03.jpg__14": "no",
  "06_03_y-flip.jpg__14": "no",
  "06_03.jpg__15": "no",
  "06_03_y-flip.jpg__15": "no",
  "06_03.jpg__16": "blue",
  "06_03_y-flip.jpg__16": "blue",
  "06_03.jpg__17": "blue",
  "06_03_y-flip.jpg__17": "blue",
  "06_03.jpg__18": "red",
  "06_03_y-flip.jpg__18": "red",
  "06_03.jpg__19": "red",
  "06_03_y-flip.jpg__19": "red",
  "06_03_y-flip.jpg__0": "no",
  "06_03_y-flip_r.jpg__0": "no",
  "06_03_y-flip.jpg__1": "yes",
  "06_03_y-flip_r.jpg__1": "yes",
  "06_03_y-flip.jpg__2": "yes",
  "06_03_y-flip_r.jpg__2": "yes",
  "06_03_y-flip.jpg__3": "yes",
  "06_03_y-flip_r.jpg__3": "yes",
  "07_01.jpg__0": "no",
  "07_01_r.jpg__0": "no",
  "07_01.jpg__1": "no",
  "07_01_r.jpg__1": "no",
  "07_01.jpg__2": "yes",
  "07_01_r.jpg__2": "yes",
  "07_01.jpg__3": "yes",
  "07_01_r.jpg__3": "yes",
  "07_01.jpg__4": "left",
  "07_01_y-flip.jpg__4": "left",
  "07_01.jpg__5": "left",
  "07_01_y-flip.jpg__5": "left",
  "07_01.jpg__6": "left",
  "07_01_y-flip.jpg__6": "left",
  "07_01.jpg__7": "left",
  "07_01_y-flip.jpg__7": "left",
  "07_01.jpg__8": "cross",
  "07_01_y-flip.jpg__8": "cross",
  "07_01.jpg__9": "left",
  "07_01_y-flip.jpg__9": "left",
  "07_01.jpg__10": "left",
  "07_01_y-flip.jpg__10": "left",
  "07_01.jpg__11": "left",
  "07_01_y-flip.jpg__11": "left",
  "07_01.jpg__12": "lighter",
  "07_01_y-flip.jpg__12": "lighter",
  "07_01.jpg__13": "lighter",
  "07_01_y-flip.jpg__13": "lighter",
  "07_01.jpg__14": "lighter",
  "07_01_y-flip.jpg__14": "darker",
  "07_01.jpg__15": "lighter",
  "07_01_y-flip.jpg__15": "darker",
  "07_01.jpg__16": "lighter",
  "07_01_y-flip.jpg__16": "lighter",
  "07_01.jpg__17": "lighter",
  "07_01_y-flip.jpg__17": "lighter",
  "07_01.jpg__18": "lighter",
  "07_01_y-flip.jpg__18": "lighter",
  "07_01.jpg__19": "lighter",
  "07_01_y-flip.jpg__19": "lighter",
  "07_01_y-flip.jpg__0": "no",
  "07_01_y-flip_r.jpg__0": "no",
  "07_01_y-flip.jpg__1": "no",
  "07_01_y-flip_r.jpg__1": "no",
  "07_01_y-flip.jpg__2": "yes",
  "07_01_y-flip_r.jpg__2": "yes",
  "07_01_y-flip.jpg__3": "yes",
  "07_01_y-flip_r.jpg__3": "yes",
  "07_02.jpg__0": "no",
  "07_02_r.jpg__0": "no",
  "07_02.jpg__1": "no",
  "07_02_r.jpg__1": "no",
  "07_02.jpg__2": "yes",
  "07_02_r.jpg__2": "yes",
  "07_02.jpg__3": "yes",
  "07_02_r.jpg__3": "yes",
  "07_02.jpg__4": "left",
  "07_02_y-flip.jpg__4": "left",
  "07_02.jpg__5": "left",
  "07_02_y-flip.jpg__5": "left",
  "07_02.jpg__6": "left",
  "07_02_y-flip.jpg__6": "left",
  "07_02.jpg__7": "left",
  "07_02_y-flip.jpg__7": "left",
  "07_02.jpg__8": "left",
  "07_02_y-flip.jpg__8": "left",
  "07_02.jpg__9": "cross",
  "07_02_y-flip.jpg__9": "cross",
  "07_02.jpg__10": "left",
  "07_02_y-flip.jpg__10": "left",
  "07_02.jpg__11": "left",
  "07_02_y-flip.jpg__11": "left",
  "07_02.jpg__12": "lighter",
  "07_02_y-flip.jpg__12": "lighter",
  "07_02.jpg__13": "lighter",
  "07_02_y-flip.jpg__13": "lighter",
  "07_02.jpg__14": "lighter",
  "07_02_y-flip.jpg__14": "lighter",
  "07_02.jpg__15": "lighter",
  "07_02_y-flip.jpg__15": "lighter",
  "07_02.jpg__16": "lighter",
  "07_02_y-flip.jpg__16": "lighter",
  "07_02.jpg__17": "lighter",
  "07_02_y-flip.jpg__17": "lighter",
  "07_02.jpg__18": "lighter",
  "07_02_y-flip.jpg__18": "lighter",
  "07_02.jpg__19": "lighter",
  "07_02_y-flip.jpg__19": "lighter",
  "07_02_y-flip.jpg__0": "no",
  "07_02_y-flip_r.jpg__0": "no",
  "07_02_y-flip.jpg__1": "no",
  "07_02_y-flip_r.jpg__1": "no",
  "07_02_y-flip.jpg__2": "yes",
  "07_02_y-flip_r.jpg__2": "yes",
  "07_02_y-flip.jpg__3": "yes",
  "07_02_y-flip_r.jpg__3": "yes",
  "07_03.jpg__0": "no",
  "07_03_r.jpg__0": "no",
  "07_03.jpg__1": "no",
  "07_03_r.jpg__1": "no",
  "07_03.jpg__2": "yes",
  "07_03_r.jpg__2": "yes",
  "07_03.jpg__3": "yes",
  "07_03_r.jpg__3": "yes",
  "07_03.jpg__4": "left",
  "07_03_y-flip.jpg__4": "left",
  "07_03.jpg__5": "left",
  "07_03_y-flip.jpg__5": "left",
  "07_03.jpg__6": "left",
  "07_03_y-flip.jpg__6": "left",
  "07_03.jpg__7": "left",
  "07_03_y-flip.jpg__7": "left",
  "07_03.jpg__8": "left",
  "07_03_y-flip.jpg__8": "left",
  "07_03.jpg__9": "cross",
  "07_03_y-flip.jpg__9": "cross",
  "07_03.jpg__10": "left",
  "07_03_y-flip.jpg__10": "left",
  "07_03.jpg__11": "left",
  "07_03_y-flip.jpg__11": "left",
  "07_03.jpg__12": "lighter",
  "07_03_y-flip.jpg__12": "lighter",
  "07_03.jpg__13": "lighter",
  "07_03_y-flip.jpg__13": "lighter",
  "07_03.jpg__14": "lighter",
  "07_03_y-flip.jpg__14": "lighter",
  "07_03.jpg__15": "lighter",
  "07_03_y-flip.jpg__15": "lighter",
  "07_03.jpg__16": "lighter",
  "07_03_y-flip.jpg__16": "lighter",
  "07_03.jpg__17": "lighter",
  "07_03_y-flip.jpg__17": "lighter",
  "07_03.jpg__18": "lighter",
  "07_03_y-flip.jpg__18": "lighter",
  "07_03.jpg__19": "lighter",
  "07_03_y-flip.jpg__19": "lighter",
  "07_03_y-flip.jpg__0": "no",
  "07_03_y-flip_r.jpg__0": "no",
  "07_03_y-flip.jpg__1": "no",
  "07_03_y-flip_r.jpg__1": "no",
  "07_03_y-flip.jpg__2": "yes",
  "07_03_y-flip_r.jpg__2": "yes",
  "07_03_y-flip.jpg__3": "yes",
  "07_03_y-flip_r.jpg__3": "yes",
  "07_04.jpg__0": "no",
  "07_04_r.jpg__0": "no",
  "07_04.jpg__1": "no",
  "07_04_r.jpg__1": "no",
  "07_04.jpg__2": "yes",
  "07_04_r.jpg__2": "yes",
  "07_04.jpg__3": "yes",
  "07_04_r.jpg__3": "yes",
  "07_04.jpg__4": "left",
  "07_04_y-flip.jpg__4": "left",
  "07_04.jpg__5": "left",
  "07_04_y-flip.jpg__5": "left",
  "07_04.jpg__6": "left",
  "07_04_y-flip.jpg__6": "left",
  "07_04.jpg__7": "left",
  "07_04_y-flip.jpg__7": "left",
  "07_04.jpg__8": "left",
  "07_04_y-flip.jpg__8": "left",
  "07_04.jpg__9": "pole",
  "07_04_y-flip.jpg__9": "cross",
  "07_04.jpg__10": "left",
  "07_04_y-flip.jpg__10": "left",
  "07_04.jpg__11": "left",
  "07_04_y-flip.jpg__11": "left",
  "07_04.jpg__12": "lighter",
  "07_04_y-flip.jpg__12": "lighter",
  "07_04.jpg__13": "lighter",
  "07_04_y-flip.jpg__13": "lighter",
  "07_04.jpg__14": "lighter",
  "07_04_y-flip.jpg__14": "lighter",
  "07_04.jpg__15": "lighter",
  "07_04_y-flip.jpg__15": "lighter",
  "07_04.jpg__16": "lighter",
  "07_04_y-flip.jpg__16": "lighter",
  "07_04.jpg__17": "lighter",
  "07_04_y-flip.jpg__17": "lighter",
  "07_04.jpg__18": "lighter",
  "07_04_y-flip.jpg__18": "lighter",
  "07_04.jpg__19": "lighter",
  "07_04_y-flip.jpg__19": "lighter",
  "07_04_y-flip.jpg__0": "no",
  "07_04_y-flip_r.jpg__0": "no",
  "07_04_y-flip.jpg__1": "no",
  "07_04_y-flip_r.jpg__1": "no",
  "07_04_y-flip.jpg__2": "yes",
  "07_04_y-flip_r.jpg__2": "yes",
  "07_04_y-flip.jpg__3": "yes",
  "07_04_y-flip_r.jpg__3": "yes",
  "08_01.jpg__0": "no",
  "08_01_r.jpg__0": "no",
  "08_01.jpg__1": "no",
  "08_01_r.jpg__1": "no",
  "08_01.jpg__2": "yes",
  "08_01_r.jpg__2": "yes",
  "08_01.jpg__3": "yes",
  "08_01_r.jpg__3": "yes",
  "08_01.jpg__4": "left",
  "08_01_y-flip.jpg__4": "left",
  "08_01.jpg__5": "left",
  "08_01_y-flip.jpg__5": "left",
  "08_01.jpg__6": "left",
  "08_01_y-flip.jpg__6": "left",
  "08_01.jpg__7": "left",
  "08_01_y-flip.jpg__7": "left",
  "08_01.jpg__8": "left",
  "08_01_y-flip.jpg__8": "left",
  "08_01.jpg__9": "left",
  "08_01_y-flip.jpg__9": "cross",
  "08_01.jpg__10": "left",
  "08_01_y-flip.jpg__10": "left",
  "08_01.jpg__11": "left",
  "08_01_y-flip.jpg__11": "left",
  "08_01.jpg__12": "lighter",
  "08_01_y-flip.jpg__12": "lighter",
  "08_01.jpg__13": "lighter",
  "08_01_y-flip.jpg__13": "lighter",
  "08_01.jpg__14": "lighter",
  "08_01_y-flip.jpg__14": "lighter",
  "08_01.jpg__15": "lighter",
  "08_01_y-flip.jpg__15": "lighter",
  "08_01.jpg__16": "lighter",
  "08_01_y-flip.jpg__16": "lighter",
  "08_01.jpg__17": "lighter",
  "08_01_y-flip.jpg__17": "lighter",
  "08_01.jpg__18": "lighter",
  "08_01_y-flip.jpg__18": "lighter",
  "08_01.jpg__19": "lighter",
  "08_01_y-flip.jpg__19": "lighter",
  "08_01_y-flip.jpg__0": "no",
  "08_01_y-flip_r.jpg__0": "no",
  "08_01_y-flip.jpg__1": "no",
  "08_01_y-flip_r.jpg__1": "no",
  "08_01_y-flip.jpg__2": "yes",
  "08_01_y-flip_r.jpg__2": "yes",
  "08_01_y-flip.jpg__3": "yes",
  "08_01_y-flip_r.jpg__3": "yes",
  "08_02.jpg__0": "no",
  "08_02_r.jpg__0": "no",
  "08_02.jpg__1": "no",
  "08_02_r.jpg__1": "no",
  "08_02.jpg__2": "yes",
  "08_02_r.jpg__2": "yes",
  "08_02.jpg__3": "yes",
  "08_02_r.jpg__3": "yes",
  "08_02.jpg__4": "left",
  "08_02_y-flip.jpg__4": "left",
  "08_02.jpg__5": "left",
  "08_02_y-flip.jpg__5": "left",
  "08_02.jpg__6": "left",
  "08_02_y-flip.jpg__6": "left",
  "08_02.jpg__7": "left",
  "08_02_y-flip.jpg__7": "left",
  "08_02.jpg__8": "cross",
  "08_02_y-flip.jpg__8": "cross",
  "08_02.jpg__9": "left",
  "08_02_y-flip.jpg__9": "left",
  "08_02.jpg__10": "left",
  "08_02_y-flip.jpg__10": "left",
  "08_02.jpg__11": "left",
  "08_02_y-flip.jpg__11": "left",
  "08_02.jpg__12": "lighter",
  "08_02_y-flip.jpg__12": "lighter",
  "08_02.jpg__13": "lighter",
  "08_02_y-flip.jpg__13": "lighter",
  "08_02.jpg__14": "lighter",
  "08_02_y-flip.jpg__14": "lighter",
  "08_02.jpg__15": "lighter",
  "08_02_y-flip.jpg__15": "lighter",
  "08_02.jpg__16": "lighter",
  "08_02_y-flip.jpg__16": "lighter",
  "08_02.jpg__17": "lighter",
  "08_02_y-flip.jpg__17": "lighter",
  "08_02.jpg__18": "lighter",
  "08_02_y-flip.jpg__18": "lighter",
  "08_02.jpg__19": "lighter",
  "08_02_y-flip.jpg__19": "lighter",
  "08_02_y-flip.jpg__0": "no",
  "08_02_y-flip_r.jpg__0": "no",
  "08_02_y-flip.jpg__1": "no",
  "08_02_y-flip_r.jpg__1": "no",
  "08_02_y-flip.jpg__2": "yes",
  "08_02_y-flip_r.jpg__2": "yes",
  "08_02_y-flip.jpg__3": "yes",
  "08_02_y-flip_r.jpg__3": "yes",
  "08_03.jpg__0": "no",
  "08_03_r.jpg__0": "no",
  "08_03.jpg__1": "no",
  "08_03_r.jpg__1": "no",
  "08_03.jpg__2": "yes",
  "08_03_r.jpg__2": "yes",
  "08_03.jpg__3": "yes",
  "08_03_r.jpg__3": "yes",
  "08_03.jpg__4": "left",
  "08_03_y-flip.jpg__4": "left",
  "08_03.jpg__5": "left",
  "08_03_y-flip.jpg__5": "left",
  "08_03.jpg__6": "left",
  "08_03_y-flip.jpg__6": "left",
  "08_03.jpg__7": "left",
  "08_03_y-flip.jpg__7": "left",
  "08_03.jpg__8": "left",
  "08_03_y-flip.jpg__8": "left",
  "08_03.jpg__9": "cross",
  "08_03_y-flip.jpg__9": "cross",
  "08_03.jpg__10": "left",
  "08_03_y-flip.jpg__10": "left",
  "08_03.jpg__11": "left",
  "08_03_y-flip.jpg__11": "left",
  "08_03.jpg__12": "lighter",
  "08_03_y-flip.jpg__12": "lighter",
  "08_03.jpg__13": "lighter",
  "08_03_y-flip.jpg__13": "lighter",
  "08_03.jpg__14": "lighter",
  "08_03_y-flip.jpg__14": "lighter",
  "08_03.jpg__15": "lighter",
  "08_03_y-flip.jpg__15": "lighter",
  "08_03.jpg__16": "lighter",
  "08_03_y-flip.jpg__16": "lighter",
  "08_03.jpg__17": "lighter",
  "08_03_y-flip.jpg__17": "lighter",
  "08_03.jpg__18": "lighter",
  "08_03_y-flip.jpg__18": "lighter",
  "08_03.jpg__19": "lighter",
  "08_03_y-flip.jpg__19": "lighter",
  "08_03_y-flip.jpg__0": "no",
  "08_03_y-flip_r.jpg__0": "no",
  "08_03_y-flip.jpg__1": "no",
  "08_03_y-flip_r.jpg__1": "no",
  "08_03_y-flip.jpg__2": "yes",
  "08_03_y-flip_r.jpg__2": "yes",
  "08_03_y-flip.jpg__3": "yes",
  "08_03_y-flip_r.jpg__3": "yes",
  "08_04.jpg__0": "no",
  "08_04_r.jpg__0": "no",
  "08_04.jpg__1": "no",
  "08_04_r.jpg__1": "no",
  "08_04.jpg__2": "yes",
  "08_04_r.jpg__2": "yes",
  "08_04.jpg__3": "yes",
  "08_04_r.jpg__3": "yes",
  "08_04.jpg__4": "left",
  "08_04_y-flip.jpg__4": "left",
  "08_04.jpg__5": "left",
  "08_04_y-flip.jpg__5": "left",
  "08_04.jpg__6": "left",
  "08_04_y-flip.jpg__6": "left",
  "08_04.jpg__7": "left",
  "08_04_y-flip.jpg__7": "left",
  "08_04.jpg__8": "left",
  "08_04_y-flip.jpg__8": "left",
  "08_04.jpg__9": "left",
  "08_04_y-flip.jpg__9": "left",
  "08_04.jpg__10": "left",
  "08_04_y-flip.jpg__10": "left",
  "08_04.jpg__11": "left",
  "08_04_y-flip.jpg__11": "left",
  "08_04.jpg__12": "lighter",
  "08_04_y-flip.jpg__12": "lighter",
  "08_04.jpg__13": "lighter",
  "08_04_y-flip.jpg__13": "lighter",
  "08_04.jpg__14": "lighter",
  "08_04_y-flip.jpg__14": "lighter",
  "08_04.jpg__15": "lighter",
  "08_04_y-flip.jpg__15": "lighter",
  "08_04.jpg__16": "lighter",
  "08_04_y-flip.jpg__16": "lighter",
  "08_04.jpg__17": "lighter",
  "08_04_y-flip.jpg__17": "lighter",
  "08_04.jpg__18": "no",
  "08_04_y-flip.jpg__18": "lighter",
  "08_04.jpg__19": "no",
  "08_04_y-flip.jpg__19": "lighter",
  "08_04_y-flip.jpg__0": "no",
  "08_04_y-flip_r.jpg__0": "no",
  "08_04_y-flip.jpg__1": "no",
  "08_04_y-flip_r.jpg__1": "no",
  "08_04_y-flip.jpg__2": "yes",
  "08_04_y-flip_r.jpg__2": "yes",
  "08_04_y-flip.jpg__3": "yes",
  "08_04_y-flip_r.jpg__3": "yes",
  "09_01.jpg__0": "yes",
  "09_01_r.jpg__0": "no",
  "09_01.jpg__1": "no",
  "09_01_r.jpg__1": "no",
  "09_01.jpg__2": "two",
  "09_01_r.jpg__2": "yes",
  "09_01.jpg__3": "no",
  "09_01_r.jpg__3": "yes",
  "09_01.jpg__4": "bottom",
  "09_01_x-flip.jpg__4": "bottom",
  "09_01.jpg__5": "bottom",
  "09_01_x-flip.jpg__5": "bottom",
  "09_01.jpg__6": "bottom",
  "09_01_x-flip.jpg__6": "bottom",
  "09_01.jpg__7": "bottom",
  "09_01_x-flip.jpg__7": "bottom",
  "09_01.jpg__8": "bottom",
  "09_01_x-flip.jpg__8": "pole",
  "09_01.jpg__9": "bottom",
  "09_01_x-flip.jpg__9": "pole",
  "09_01.jpg__10": "bottom",
  "09_01_x-flip.jpg__10": "pole",
  "09_01.jpg__11": "left",
  "09_01_x-flip.jpg__11": "pole",
  "09_01.jpg__12": "longer",
  "09_01_x-flip.jpg__12": "longer",
  "09_01.jpg__13": "shorter",
  "09_01_x-flip.jpg__13": "shorter",
  "09_01.jpg__14": "longer",
  "09_01_x-flip.jpg__14": "longer",
  "09_01.jpg__15": "no",
  "09_01_x-flip.jpg__15": "longer",
  "09_01.jpg__16": "longer",
  "09_01_x-flip.jpg__16": "longer",
  "09_01.jpg__17": "longer",
  "09_01_x-flip.jpg__17": "longer",
  "09_01.jpg__18": "no",
  "09_01_x-flip.jpg__18": "longer",
  "09_01.jpg__19": "no",
  "09_01_x-flip.jpg__19": "longer",
  "09_01_x-flip.jpg__0": "yes",
  "09_01_x-flip_r.jpg__0": "no",
  "09_01_x-flip.jpg__1": "yes",
  "09_01_x-flip_r.jpg__1": "no",
  "09_01_x-flip.jpg__2": "long",
  "09_01_x-flip_r.jpg__2": "yes",
  "09_01_x-flip.jpg__3": "no",
  "09_01_x-flip_r.jpg__3": "no",
  "10_01.jpg__0": "no",
  "10_01_r.jpg__0": "no",
  "10_01.jpg__1": "no",
  "10_01_r.jpg__1": "no",
  "10_01.jpg__2": "yes",
  "10_01_r.jpg__2": "yes",
  "10_01.jpg__3": "yes",
  "10_01_r.jpg__3": "yes",
  "10_01.jpg__4": "left",
  "10_01_y-flip.jpg__4": "left",
  "10_01.jpg__5": "left",
  "10_01_y-flip.jpg__5": "left",
  "10_01.jpg__6": "left",
  "10_01_y-flip.jpg__6": "left",
  "10_01.jpg__7": "left",
  "10_01_y-flip.jpg__7": "left",
  "10_01.jpg__8": "left",
  "10_01_y-flip.jpg__8": "left",
  "10_01.jpg__9": "left",
  "10_01_y-flip.jpg__9": "left",
  "10_01.jpg__10": "left",
  "10_01_y-flip.jpg__10": "left",
  "10_01.jpg__11": "left",
  "10_01_y-flip.jpg__11": "left",
  "10_01.jpg__12": "shorter",
  "10_01_y-flip.jpg__12": "shorter",
  "10_01.jpg__13": "shorter",
  "10_01_y-flip.jpg__13": "shorter",
  "10_01.jpg__14": "longer",
  "10_01_y-flip.jpg__14": "longer",
  "10_01.jpg__15": "longer",
  "10_01_y-flip.jpg__15": "longer",
  "10_01.jpg__16": "longer",
  "10_01_y-flip.jpg__16": "longer",
  "10_01.jpg__17": "longer",
  "10_01_y-flip.jpg__17": "longer",
  "10_01.jpg__18": "longer",
  "10_01_y-flip.jpg__18": "longer",
  "10_01.jpg__19": "longer",
  "10_01_y-flip.jpg__19": "longer",
  "10_01_y-flip.jpg__0": "no",
  "10_01_y-flip_r.jpg__0": "no",
  "10_01_y-flip.jpg__1": "no",
  "10_01_y-flip_r.jpg__1": "no",
  "10_01_y-flip.jpg__2": "yes",
  "10_01_y-flip_r.jpg__2": "yes",
  "10_01_y-flip.jpg__3": "yes",
  "10_01_y-flip_r.jpg__3": "yes",
  "10_02.jpg__0": "no",
  "10_02_r.jpg__0": "no",
  "10_02.jpg__1": "no",
  "10_02_r.jpg__1": "no",
  "10_02.jpg__2": "yes",
  "10_02_r.jpg__2": "yes",
  "10_02.jpg__3": "yes",
  "10_02_r.jpg__3": "yes",
  "10_02.jpg__4": "bottom",
  "10_02_x-flip.jpg__4": "bottom",
  "10_02.jpg__5": "bottom",
  "10_02_x-flip.jpg__5": "bottom",
  "10_02.jpg__6": "top",
  "10_02_x-flip.jpg__6": "bottom",
  "10_02.jpg__7": "bottom",
  "10_02_x-flip.jpg__7": "bottom",
  "10_02.jpg__8": "left",
  "10_02_x-flip.jpg__8": "left",
  "10_02.jpg__9": "left",
  "10_02_x-flip.jpg__9": "left",
  "10_02.jpg__10": "left",
  "10_02_x-flip.jpg__10": "left",
  "10_02.jpg__11": "left",
  "10_02_x-flip.jpg__11": "left",
  "10_02.jpg__12": "shorter",
  "10_02_x-flip.jpg__12": "shorter",
  "10_02.jpg__13": "shorter",
  "10_02_x-flip.jpg__13": "shorter",
  "10_02.jpg__14": "shorter",
  "10_02_x-flip.jpg__14": "shorter",
  "10_02.jpg__15": "longer",
  "10_02_x-flip.jpg__15": "longer",
  "10_02.jpg__16": "longer",
  "10_02_x-flip.jpg__16": "longer",
  "10_02.jpg__17": "longer",
  "10_02_x-flip.jpg__17": "longer",
  "10_02.jpg__18": "longer",
  "10_02_x-flip.jpg__18": "longer",
  "10_02.jpg__19": "longer",
  "10_02_x-flip.jpg__19": "longer",
  "10_02_x-flip.jpg__0": "no",
  "10_02_x-flip_r.jpg__0": "no",
  "10_02_x-flip.jpg__1": "no",
  "10_02_x-flip_r.jpg__1": "no",
  "10_02_x-flip.jpg__2": "yes",
  "10_02_x-flip_r.jpg__2": "yes",
  "10_02_x-flip.jpg__3": "yes",
  "10_02_x-flip_r.jpg__3": "yes",
  "11_01.jpg__0": "yes",
  "11_01_r.jpg__0": "yes",
  "11_01.jpg__1": "yes",
  "11_01_r.jpg__1": "yes",
  "11_01.jpg__2": "yes",
  "11_01_r.jpg__2": "yes",
  "11_01.jpg__3": "yes",
  "11_01_r.jpg__3": "yes",
  "11_01.jpg__4": "left",
  "11_01_y-flip.jpg__4": "left",
  "11_01.jpg__5": "left",
  "11_01_y-flip.jpg__5": "left",
  "11_01.jpg__6": "left",
  "11_01_y-flip.jpg__6": "left",
  "11_01.jpg__7": "left",
  "11_01_y-flip.jpg__7": "left",
  "11_01.jpg__8": "left",
  "11_01_y-flip.jpg__8": "left",
  "11_01.jpg__9": "left",
  "11_01_y-flip.jpg__9": "left",
  "11_01.jpg__10": "left",
  "11_01_y-flip.jpg__10": "left",
  "11_01.jpg__11": "left",
  "11_01_y-flip.jpg__11": "left",
  "11_01.jpg__12": "smaller",
  "11_01_y-flip.jpg__12": "smaller",
  "11_01.jpg__13": "smaller",
  "11_01_y-flip.jpg__13": "smaller",
  "11_01.jpg__14": "smaller",
  "11_01_y-flip.jpg__14": "smaller",
  "11_01.jpg__15": "smaller",
  "11_01_y-flip.jpg__15": "smaller",
  "11_01.jpg__16": "smaller",
  "11_01_y-flip.jpg__16": "smaller",
  "11_01.jpg__17": "smaller",
  "11_01_y-flip.jpg__17": "smaller",
  "11_01.jpg__18": "bigger",
  "11_01_y-flip.jpg__18": "bigger",
  "11_01.jpg__19": "bigger",
  "11_01_y-flip.jpg__19": "bigger",
  "11_01_y-flip.jpg__0": "yes",
  "11_01_y-flip_r.jpg__0": "yes",
  "11_01_y-flip.jpg__1": "yes",
  "11_01_y-flip_r.jpg__1": "yes",
  "11_01_y-flip.jpg__2": "yes",
  "11_01_y-flip_r.jpg__2": "yes",
  "11_01_y-flip.jpg__3": "yes",
  "11_01_y-flip_r.jpg__3": "yes",
  "11_02.jpg__0": "yes",
  "11_02_r.jpg__0": "yes",
  "11_02.jpg__1": "yes",
  "11_02_r.jpg__1": "yes",
  "11_02.jpg__2": "yes",
  "11_02_r.jpg__2": "yes",
  "11_02.jpg__3": "yes",
  "11_02_r.jpg__3": "yes",
  "11_02.jpg__4": "left",
  "11_02_y-flip.jpg__4": "left",
  "11_02.jpg__5": "left",
  "11_02_y-flip.jpg__5": "left",
  "11_02.jpg__6": "left",
  "11_02_y-flip.jpg__6": "left",
  "11_02.jpg__7": "left",
  "11_02_y-flip.jpg__7": "left",
  "11_02.jpg__8": "left",
  "11_02_y-flip.jpg__8": "left",
  "11_02.jpg__9": "left",
  "11_02_y-flip.jpg__9": "left",
  "11_02.jpg__10": "left",
  "11_02_y-flip.jpg__10": "left",
  "11_02.jpg__11": "left",
  "11_02_y-flip.jpg__11": "left",
  "11_02.jpg__12": "smaller",
  "11_02_y-flip.jpg__12": "smaller",
  "11_02.jpg__13": "smaller",
  "11_02_y-flip.jpg__13": "smaller",
  "11_02.jpg__14": "bigger",
  "11_02_y-flip.jpg__14": "bigger",
  "11_02.jpg__15": "bigger",
  "11_02_y-flip.jpg__15": "bigger",
  "11_02.jpg__16": "smaller",
  "11_02_y-flip.jpg__16": "smaller",
  "11_02.jpg__17": "smaller",
  "11_02_y-flip.jpg__17": "smaller",
  "11_02.jpg__18": "smaller",
  "11_02_y-flip.jpg__18": "smaller",
  "11_02.jpg__19": "smaller",
  "11_02_y-flip.jpg__19": "smaller",
  "11_02_y-flip.jpg__0": "yes",
  "11_02_y-flip_r.jpg__0": "yes",
  "11_02_y-flip.jpg__1": "yes",
  "11_02_y-flip_r.jpg__1": "yes",
  "11_02_y-flip.jpg__2": "yes",
  "11_02_y-flip_r.jpg__2": "yes",
  "11_02_y-flip.jpg__3": "yes",
  "11_02_y-flip_r.jpg__3": "yes",
  "11_03.jpg__0": "no",
  "11_03_r.jpg__0": "no",
  "11_03.jpg__1": "no",
  "11_03_r.jpg__1": "no",
  "11_03.jpg__2": "yes",
  "11_03_r.jpg__2": "yes",
  "11_03.jpg__3": "yes",
  "11_03_r.jpg__3": "yes",
  "11_03.jpg__4": "left",
  "11_03_y-flip.jpg__4": "left",
  "11_03.jpg__5": "right",
  "11_03_y-flip.jpg__5": "left",
  "11_03.jpg__6": "left",
  "11_03_y-flip.jpg__6": "left",
  "11_03.jpg__7": "left",
  "11_03_y-flip.jpg__7": "left",
  "11_03.jpg__8": "the door",
  "11_03_y-flip.jpg__8": "the left",
  "11_03.jpg__9": "the left",
  "11_03_y-flip.jpg__9": "the left",
  "11_03.jpg__10": "left",
  "11_03_y-flip.jpg__10": "left",
  "11_03.jpg__11": "left",
  "11_03_y-flip.jpg__11": "left",
  "11_03.jpg__12": "smaller",
  "11_03_y-flip.jpg__12": "smaller",
  "11_03.jpg__13": "smaller",
  "11_03_y-flip.jpg__13": "smaller",
  "11_03.jpg__14": "smaller",
  "11_03_y-flip.jpg__14": "smaller",
  "11_03.jpg__15": "smaller",
  "11_03_y-flip.jpg__15": "smaller",
  "11_03.jpg__16": "smaller",
  "11_03_y-flip.jpg__16": "smaller",
  "11_03.jpg__17": "smaller",
  "11_03_y-flip.jpg__17": "smaller",
  "11_03.jpg__18": "smaller",
  "11_03_y-flip.jpg__18": "smaller",
  "11_03.jpg__19": "smaller",
  "11_03_y-flip.jpg__19": "smaller",
  "11_03_y-flip.jpg__0": "no",
  "11_03_y-flip_r.jpg__0": "no",
  "11_03_y-flip.jpg__1": "yes",
  "11_03_y-flip_r.jpg__1": "no",
  "11_03_y-flip.jpg__2": "yes",
  "11_03_y-flip_r.jpg__2": "yes",
  "11_03_y-flip.jpg__3": "yes",
  "11_03_y-flip_r.jpg__3": "yes",
  "11_04.jpg__0": "yes",
  "11_04_r.jpg__0": "yes",
  "11_04.jpg__1": "yes",
  "11_04_r.jpg__1": "yes",
  "11_04.jpg__2": "yes",
  "11_04_r.jpg__2": "yes",
  "11_04.jpg__3": "yes",
  "11_04_r.jpg__3": "yes",
  "11_04.jpg__4": "left",
  "11_04_y-flip.jpg__4": "left",
  "11_04.jpg__5": "left",
  "11_04_y-flip.jpg__5": "left",
  "11_04.jpg__6": "left",
  "11_04_y-flip.jpg__6": "left",
  "11_04.jpg__7": "left",
  "11_04_y-flip.jpg__7": "left",
  "11_04.jpg__8": "left",
  "11_04_y-flip.jpg__8": "left",
  "11_04.jpg__9": "left",
  "11_04_y-flip.jpg__9": "left",
  "11_04.jpg__10": "left",
  "11_04_y-flip.jpg__10": "left",
  "11_04.jpg__11": "left",
  "11_04_y-flip.jpg__11": "left",
  "11_04.jpg__12": "smaller",
  "11_04_y-flip.jpg__12": "smaller",
  "11_04.jpg__13": "smaller",
  "11_04_y-flip.jpg__13": "smaller",
  "11_04.jpg__14": "smaller",
  "11_04_y-flip.jpg__14": "smaller",
  "11_04.jpg__15": "smaller",
  "11_04_y-flip.jpg__15": "smaller",
  "11_04.jpg__16": "smaller",
  "11_04_y-flip.jpg__16": "smaller",
  "11_04.jpg__17": "smaller",
  "11_04_y-flip.jpg__17": "smaller",
  "11_04.jpg__18": "smaller",
  "11_04_y-flip.jpg__18": "smaller",
  "11_04.jpg__19": "smaller",
  "11_04_y-flip.jpg__19": "smaller",
  "11_04_y-flip.jpg__0": "yes",
  "11_04_y-flip_r.jpg__0": "yes",
  "11_04_y-flip.jpg__1": "yes",
  "11_04_y-flip_r.jpg__1": "yes",
  "11_04_y-flip.jpg__2": "yes",
  "11_04_y-flip_r.jpg__2": "yes",
  "11_04_y-flip.jpg__3": "yes",
  "11_04_y-flip_r.jpg__3": "yes",
  "11_05.jpg__0": "yes",
  "11_05_r.jpg__0": "yes",
  "11_05.jpg__1": "yes",
  "11_05_r.jpg__1": "yes",
  "11_05.jpg__2": "yes",
  "11_05_r.jpg__2": "yes",
  "11_05.jpg__3": "yes",
  "11_05_r.jpg__3": "yes",
  "11_05.jpg__4": "left",
  "11_05_y-flip.jpg__4": "left",
  "11_05.jpg__5": "left",
  "11_05_y-flip.jpg__5": "left",
  "11_05.jpg__6": "left",
  "11_05_y-flip.jpg__6": "left",
  "11_05.jpg__7": "left",
  "11_05_y-flip.jpg__7": "left",
  "11_05.jpg__8": "left",
  "11_05_y-flip.jpg__8": "left",
  "11_05.jpg__9": "left",
  "11_05_y-flip.jpg__9": "left",
  "11_05.jpg__10": "left",
  "11_05_y-flip.jpg__10": "left",
  "11_05.jpg__11": "left",
  "11_05_y-flip.jpg__11": "left",
  "11_05.jpg__12": "smaller",
  "11_05_y-flip.jpg__12": "smaller",
  "11_05.jpg__13": "smaller",
  "11_05_y-flip.jpg__13": "smaller",
  "11_05.jpg__14": "smaller",
  "11_05_y-flip.jpg__14": "smaller",
  "11_05.jpg__15": "smaller",
  "11_05_y-flip.jpg__15": "smaller",
  "11_05.jpg__16": "smaller",
  "11_05_y-flip.jpg__16": "smaller",
  "11_05.jpg__17": "smaller",
  "11_05_y-flip.jpg__17": "smaller",
  "11_05.jpg__18": "smaller",
  "11_05_y-flip.jpg__18": "smaller",
  "11_05.jpg__19": "smaller",
  "11_05_y-flip.jpg__19": "smaller",
  "11_05_y-flip.jpg__0": "yes",
  "11_05_y-flip_r.jpg__0": "yes",
  "11_05_y-flip.jpg__1": "yes",
  "11_05_y-flip_r.jpg__1": "yes",
  "11_05_y-flip.jpg__2": "yes",
  "11_05_y-flip_r.jpg__2": "yes",
  "11_05_y-flip.jpg__3": "yes",
  "11_05_y-flip_r.jpg__3": "yes",
  "11_06.jpg__0": "yes",
  "11_06_r.jpg__0": "yes",
  "11_06.jpg__1": "yes",
  "11_06_r.jpg__1": "yes",
  "11_06.jpg__2": "yes",
  "11_06_r.jpg__2": "yes",
  "11_06.jpg__3": "yes",
  "11_06_r.jpg__3": "yes",
  "11_06.jpg__4": "left",
  "11_06_y-flip.jpg__4": "left",
  "11_06.jpg__5": "left",
  "11_06_y-flip.jpg__5": "left",
  "11_06.jpg__6": "left",
  "11_06_y-flip.jpg__6": "left",
  "11_06.jpg__7": "left",
  "11_06_y-flip.jpg__7": "left",
  "11_06.jpg__8": "left",
  "11_06_y-flip.jpg__8": "left",
  "11_06.jpg__9": "left",
  "11_06_y-flip.jpg__9": "left",
  "11_06.jpg__10": "left",
  "11_06_y-flip.jpg__10": "left",
  "11_06.jpg__11": "left",
  "11_06_y-flip.jpg__11": "left",
  "11_06.jpg__12": "smaller",
  "11_06_y-flip.jpg__12": "smaller",
  "11_06.jpg__13": "smaller",
  "11_06_y-flip.jpg__13": "smaller",
  "11_06.jpg__14": "smaller",
  "11_06_y-flip.jpg__14": "smaller",
  "11_06.jpg__15": "smaller",
  "11_06_y-flip.jpg__15": "smaller",
  "11_06.jpg__16": "smaller",
  "11_06_y-flip.jpg__16": "smaller",
  "11_06.jpg__17": "smaller",
  "11_06_y-flip.jpg__17": "smaller",
  "11_06.jpg__18": "smaller",
  "11_06_y-flip.jpg__18": "smaller",
  "11_06.jpg__19": "smaller",
  "11_06_y-flip.jpg__19": "smaller",
  "11_06_y-flip.jpg__0": "yes",
  "11_06_y-flip_r.jpg__0": "yes",
  "11_06_y-flip.jpg__1": "yes",
  "11_06_y-flip_r.jpg__1": "yes",
  "11_06_y-flip.jpg__2": "yes",
  "11_06_y-flip_r.jpg__2": "yes",
  "11_06_y-flip.jpg__3": "yes",
  "11_06_y-flip_r.jpg__3": "yes",
  "11_07.jpg__0": "yes",
  "11_07_r.jpg__0": "yes",
  "11_07.jpg__1": "yes",
  "11_07_r.jpg__1": "yes",
  "11_07.jpg__2": "yes",
  "11_07_r.jpg__2": "yes",
  "11_07.jpg__3": "yes",
  "11_07_r.jpg__3": "yes",
  "11_07.jpg__4": "left",
  "11_07_y-flip.jpg__4": "left",
  "11_07.jpg__5": "left",
  "11_07_y-flip.jpg__5": "left",
  "11_07.jpg__6": "left",
  "11_07_y-flip.jpg__6": "left",
  "11_07.jpg__7": "left",
  "11_07_y-flip.jpg__7": "left",
  "11_07.jpg__8": "circle",
  "11_07_y-flip.jpg__8": "left",
  "11_07.jpg__9": "left",
  "11_07_y-flip.jpg__9": "left",
  "11_07.jpg__10": "left",
  "11_07_y-flip.jpg__10": "left",
  "11_07.jpg__11": "left",
  "11_07_y-flip.jpg__11": "left",
  "11_07.jpg__12": "smaller",
  "11_07_y-flip.jpg__12": "smaller",
  "11_07.jpg__13": "smaller",
  "11_07_y-flip.jpg__13": "smaller",
  "11_07.jpg__14": "smaller",
  "11_07_y-flip.jpg__14": "smaller",
  "11_07.jpg__15": "smaller",
  "11_07_y-flip.jpg__15": "smaller",
  "11_07.jpg__16": "smaller",
  "11_07_y-flip.jpg__16": "smaller",
  "11_07.jpg__17": "smaller",
  "11_07_y-flip.jpg__17": "smaller",
  "11_07.jpg__18": "smaller",
  "11_07_y-flip.jpg__18": "smaller",
  "11_07.jpg__19": "smaller",
  "11_07_y-flip.jpg__19": "smaller",
  "11_07_y-flip.jpg__0": "yes",
  "11_07_y-flip_r.jpg__0": "yes",
  "11_07_y-flip.jpg__1": "yes",
  "11_07_y-flip_r.jpg__1": "yes",
  "11_07_y-flip.jpg__2": "yes",
  "11_07_y-flip_r.jpg__2": "yes",
  "11_07_y-flip.jpg__3": "yes",
  "11_07_y-flip_r.jpg__3": "yes",
  "12_01.jpg__0": "no",
  "12_01_r.jpg__0": "no",
  "12_01.jpg__1": "no",
  "12_01_r.jpg__1": "no",
  "12_01.jpg__2": "yes",
  "12_01_r.jpg__2": "large",
  "12_01.jpg__3": "no",
  "12_01_r.jpg__3": "yes",
  "12_01.jpg__4": "bottom",
  "12_01_x-flip.jpg__4": "bottom",
  "12_01.jpg__5": "bottom",
  "12_01_x-flip.jpg__5": "bottom",
  "12_01.jpg__6": "bottom",
  "12_01_x-flip.jpg__6": "bottom",
  "12_01.jpg__7": "bottom",
  "12_01_x-flip.jpg__7": "bottom",
  "12_01.jpg__8": "bottom",
  "12_01_x-flip.jpg__8": "the orange",
  "12_01.jpg__9": "bottom",
  "12_01_x-flip.jpg__9": "tie",
  "12_01.jpg__10": "bottom",
  "12_01_x-flip.jpg__10": "bottom",
  "12_01.jpg__11": "bottom",
  "12_01_x-flip.jpg__11": "bottom",
  "12_01.jpg__12": "smaller",
  "12_01_x-flip.jpg__12": "smaller",
  "12_01.jpg__13": "smaller",
  "12_01_x-flip.jpg__13": "smaller",
  "12_01.jpg__14": "smaller",
  "12_01_x-flip.jpg__14": "smaller",
  "12_01.jpg__15": "smaller",
  "12_01_x-flip.jpg__15": "smaller",
  "12_01.jpg__16": "smaller",
  "12_01_x-flip.jpg__16": "smaller",
  "12_01.jpg__17": "smaller",
  "12_01_x-flip.jpg__17": "smaller",
  "12_01.jpg__18": "larger",
  "12_01_x-flip.jpg__18": "larger",
  "12_01.jpg__19": "larger",
  "12_01_x-flip.jpg__19": "larger",
  "12_01_x-flip.jpg__0": "no",
  "12_01_x-flip_r.jpg__0": "no",
  "12_01_x-flip.jpg__1": "no",
  "12_01_x-flip_r.jpg__1": "no",
  "12_01_x-flip.jpg__2": "yes",
  "12_01_x-flip_r.jpg__2": "one",
  "12_01_x-flip.jpg__3": "no",
  "12_01_x-flip_r.jpg__3": "no",
  "13_01.jpg__0": "no",
  "13_01_r.jpg__0": "no",
  "13_01.jpg__1": "yes",
  "13_01_r.jpg__1": "no",
  "13_01.jpg__2": "large",
  "13_01_r.jpg__2": "yes",
  "13_01.jpg__3": "yes",
  "13_01_r.jpg__3": "yes",
  "13_01.jpg__4": "left",
  "13_01_y-flip.jpg__4": "left",
  "13_01.jpg__5": "left",
  "13_01_y-flip.jpg__5": "left",
  "13_01.jpg__6": "left",
  "13_01_y-flip.jpg__6": "left",
  "13_01.jpg__7": "left",
  "13_01_y-flip.jpg__7": "left",
  "13_01.jpg__8": "pole",
  "13_01_y-flip.jpg__8": "pole",
  "13_01.jpg__9": "left",
  "13_01_y-flip.jpg__9": "left",
  "13_01.jpg__10": "left",
  "13_01_y-flip.jpg__10": "left",
  "13_01.jpg__11": "left",
  "13_01_y-flip.jpg__11": "left",
  "13_01.jpg__12": "shorter",
  "13_01_y-flip.jpg__12": "shorter",
  "13_01.jpg__13": "shorter",
  "13_01_y-flip.jpg__13": "shorter",
  "13_01.jpg__14": "shorter",
  "13_01_y-flip.jpg__14": "shorter",
  "13_01.jpg__15": "shorter",
  "13_01_y-flip.jpg__15": "shorter",
  "13_01.jpg__16": "taller",
  "13_01_y-flip.jpg__16": "taller",
  "13_01.jpg__17": "taller",
  "13_01_y-flip.jpg__17": "taller",
  "13_01.jpg__18": "no",
  "13_01_y-flip.jpg__18": "no",
  "13_01.jpg__19": "no",
  "13_01_y-flip.jpg__19": "no",
  "13_01_y-flip.jpg__0": "no",
  "13_01_y-flip_r.jpg__0": "no",
  "13_01_y-flip.jpg__1": "yes",
  "13_01_y-flip_r.jpg__1": "no",
  "13_01_y-flip.jpg__2": "large",
  "13_01_y-flip_r.jpg__2": "yes",
  "13_01_y-flip.jpg__3": "yes",
  "13_01_y-flip_r.jpg__3": "yes",
  "13_02.jpg__0": "yes",
  "13_02_r.jpg__0": "yes",
  "13_02.jpg__1": "yes",
  "13_02_r.jpg__1": "yes",
  "13_02.jpg__2": "one",
  "13_02_r.jpg__2": "yes",
  "13_02.jpg__3": "yes",
  "13_02_r.jpg__3": "yes",
  "13_02.jpg__4": "left",
  "13_02_y-flip.jpg__4": "left",
  "13_02.jpg__5": "left",
  "13_02_y-flip.jpg__5": "left",
  "13_02.jpg__6": "left",
  "13_02_y-flip.jpg__6": "left",
  "13_02.jpg__7": "left",
  "13_02_y-flip.jpg__7": "left",
  "13_02.jpg__8": "line",
  "13_02_y-flip.jpg__8": "left hand corner",
  "13_02.jpg__9": "line",
  "13_02_y-flip.jpg__9": "left",
  "13_02.jpg__10": "line",
  "13_02_y-flip.jpg__10": "left",
  "13_02.jpg__11": "line",
  "13_02_y-flip.jpg__11": "left",
  "13_02.jpg__12": "longer",
  "13_02_y-flip.jpg__12": "longer",
  "13_02.jpg__13": "longer",
  "13_02_y-flip.jpg__13": "longer",
  "13_02.jpg__14": "left",
  "13_02_y-flip.jpg__14": "left",
  "13_02.jpg__15": "left",
  "13_02_y-flip.jpg__15": "left",
  "13_02.jpg__16": "no",
  "13_02_y-flip.jpg__16": "no",
  "13_02.jpg__17": "no",
  "13_02_y-flip.jpg__17": "no",
  "13_02.jpg__18": "yes",
  "13_02_y-flip.jpg__18": "yes",
  "13_02.jpg__19": "yes",
  "13_02_y-flip.jpg__19": "yes",
  "13_02_y-flip.jpg__0": "yes",
  "13_02_y-flip_r.jpg__0": "yes",
  "13_02_y-flip.jpg__1": "yes",
  "13_02_y-flip_r.jpg__1": "yes",
  "13_02_y-flip.jpg__2": "large",
  "13_02_y-flip_r.jpg__2": "yes",
  "13_02_y-flip.jpg__3": "yes",
  "13_02_y-flip_r.jpg__3": "yes",
  "13_03.jpg__0": "no",
  "13_03_r.jpg__0": "no",
  "13_03.jpg__1": "no",
  "13_03_r.jpg__1": "no",
  "13_03.jpg__2": "large",
  "13_03_r.jpg__2": "yes",
  "13_03.jpg__3": "yes",
  "13_03_r.jpg__3": "yes",
  "13_03.jpg__4": "left",
  "13_03_y-flip.jpg__4": "left",
  "13_03.jpg__5": "left",
  "13_03_y-flip.jpg__5": "left",
  "13_03.jpg__6": "left",
  "13_03_y-flip.jpg__6": "left",
  "13_03.jpg__7": "left",
  "13_03_y-flip.jpg__7": "left",
  "13_03.jpg__8": "pole",
  "13_03_y-flip.jpg__8": "pole",
  "13_03.jpg__9": "left",
  "13_03_y-flip.jpg__9": "left",
  "13_03.jpg__10": "left",
  "13_03_y-flip.jpg__10": "left",
  "13_03.jpg__11": "left",
  "13_03_y-flip.jpg__11": "left",
  "13_03.jpg__12": "shorter",
  "13_03_y-flip.jpg__12": "shorter",
  "13_03.jpg__13": "shorter",
  "13_03_y-flip.jpg__13": "shorter",
  "13_03.jpg__14": "shorter",
  "13_03_y-flip.jpg__14": "shorter",
  "13_03.jpg__15": "shorter",
  "13_03_y-flip.jpg__15": "shorter",
  "13_03.jpg__16": "shorter",
  "13_03_y-flip.jpg__16": "shorter",
  "13_03.jpg__17": "shorter",
  "13_03_y-flip.jpg__17": "shorter",
  "13_03.jpg__18": "shorter",
  "13_03_y-flip.jpg__18": "shorter",
  "13_03.jpg__19": "shorter",
  "13_03_y-flip.jpg__19": "shorter",
  "13_03_y-flip.jpg__0": "no",
  "13_03_y-flip_r.jpg__0": "no",
  "13_03_y-flip.jpg__1": "no",
  "13_03_y-flip_r.jpg__1": "no",
  "13_03_y-flip.jpg__2": "large",
  "13_03_y-flip_r.jpg__2": "yes",
  "13_03_y-flip.jpg__3": "yes",
  "13_03_y-flip_r.jpg__3": "yes",
  "13_04.jpg__0": "no",
  "13_04_r.jpg__0": "no",
  "13_04.jpg__1": "no",
  "13_04_r.jpg__1": "no",
  "13_04.jpg__2": "large",
  "13_04_r.jpg__2": "yes",
  "13_04.jpg__3": "no",
  "13_04_r.jpg__3": "yes",
  "13_04.jpg__4": "left",
  "13_04_y-flip.jpg__4": "left",
  "13_04.jpg__5": "left",
  "13_04_y-flip.jpg__5": "left",
  "13_04.jpg__6": "left",
  "13_04_y-flip.jpg__6": "left",
  "13_04.jpg__7": "left",
  "13_04_y-flip.jpg__7": "left",
  "13_04.jpg__8": "pole",
  "13_04_y-flip.jpg__8": "pole",
  "13_04.jpg__9": "left",
  "13_04_y-flip.jpg__9": "tie",
  "13_04.jpg__10": "left",
  "13_04_y-flip.jpg__10": "left",
  "13_04.jpg__11": "left",
  "13_04_y-flip.jpg__11": "left",
  "13_04.jpg__12": "shorter",
  "13_04_y-flip.jpg__12": "shorter",
  "13_04.jpg__13": "shorter",
  "13_04_y-flip.jpg__13": "shorter",
  "13_04.jpg__14": "shorter",
  "13_04_y-flip.jpg__14": "shorter",
  "13_04.jpg__15": "shorter",
  "13_04_y-flip.jpg__15": "shorter",
  "13_04.jpg__16": "taller",
  "13_04_y-flip.jpg__16": "shorter",
  "13_04.jpg__17": "taller",
  "13_04_y-flip.jpg__17": "taller",
  "13_04.jpg__18": "no",
  "13_04_y-flip.jpg__18": "no",
  "13_04.jpg__19": "no",
  "13_04_y-flip.jpg__19": "no",
  "13_04_y-flip.jpg__0": "no",
  "13_04_y-flip_r.jpg__0": "no",
  "13_04_y-flip.jpg__1": "no",
  "13_04_y-flip_r.jpg__1": "no",
  "13_04_y-flip.jpg__2": "large",
  "13_04_y-flip_r.jpg__2": "yes",
  "13_04_y-flip.jpg__3": "no",
  "13_04_y-flip_r.jpg__3": "yes",
  "14_01.jpg__0": "no",
  "14_01_r.jpg__0": "no",
  "14_01.jpg__1": "no",
  "14_01_r.jpg__1": "no",
  "14_01.jpg__2": "yes",
  "14_01_r.jpg__2": "yes",
  "14_01.jpg__3": "yes",
  "14_01_r.jpg__3": "no",
  "14_01.jpg__4": "left",
  "14_01_y-flip.jpg__4": "left",
  "14_01.jpg__5": "left",
  "14_01_y-flip.jpg__5": "left",
  "14_01.jpg__6": "left",
  "14_01_y-flip.jpg__6": "left",
  "14_01.jpg__7": "left",
  "14_01_y-flip.jpg__7": "left",
  "14_01.jpg__8": "left",
  "14_01_y-flip.jpg__8": "left",
  "14_01.jpg__9": "left",
  "14_01_y-flip.jpg__9": "left",
  "14_01.jpg__10": "left",
  "14_01_y-flip.jpg__10": "left",
  "14_01.jpg__11": "left",
  "14_01_y-flip.jpg__11": "left",
  "14_01.jpg__12": "orange",
  "14_01_y-flip.jpg__12": "orange",
  "14_01.jpg__13": "orange",
  "14_01_y-flip.jpg__13": "orange",
  "14_01.jpg__14": "no",
  "14_01_y-flip.jpg__14": "red",
  "14_01.jpg__15": "no",
  "14_01_y-flip.jpg__15": "red",
  "14_01.jpg__16": "orange",
  "14_01_y-flip.jpg__16": "orange",
  "14_01.jpg__17": "orange",
  "14_01_y-flip.jpg__17": "orange",
  "14_01.jpg__18": "no",
  "14_01_y-flip.jpg__18": "no",
  "14_01.jpg__19": "no",
  "14_01_y-flip.jpg__19": "no",
  "14_01_y-flip.jpg__0": "no",
  "14_01_y-flip_r.jpg__0": "no",
  "14_01_y-flip.jpg__1": "no",
  "14_01_y-flip_r.jpg__1": "no",
  "14_01_y-flip.jpg__2": "no",
  "14_01_y-flip_r.jpg__2": "yes",
  "14_01_y-flip.jpg__3": "yes",
  "14_01_y-flip_r.jpg__3": "no",
  "14_02.jpg__0": "no",
  "14_02_r.jpg__0": "no",
  "14_02.jpg__1": "no",
  "14_02_r.jpg__1": "yes",
  "14_02.jpg__2": "yes",
  "14_02_r.jpg__2": "yes",
  "14_02.jpg__3": "yes",
  "14_02_r.jpg__3": "no",
  "14_02.jpg__4": "left",
  "14_02_y-flip.jpg__4": "left",
  "14_02.jpg__5": "left",
  "14_02_y-flip.jpg__5": "left",
  "14_02.jpg__6": "left",
  "14_02_y-flip.jpg__6": "left",
  "14_02.jpg__7": "left",
  "14_02_y-flip.jpg__7": "left",
  "14_02.jpg__8": "left",
  "14_02_y-flip.jpg__8": "left",
  "14_02.jpg__9": "left",
  "14_02_y-flip.jpg__9": "left",
  "14_02.jpg__10": "left",
  "14_02_y-flip.jpg__10": "left",
  "14_02.jpg__11": "left",
  "14_02_y-flip.jpg__11": "left",
  "14_02.jpg__12": "yellow",
  "14_02_y-flip.jpg__12": "yellow",
  "14_02.jpg__13": "yellow",
  "14_02_y-flip.jpg__13": "yellow",
  "14_02.jpg__14": "yellow",
  "14_02_y-flip.jpg__14": "yellow",
  "14_02.jpg__15": "yellow",
  "14_02_y-flip.jpg__15": "yellow",
  "14_02.jpg__16": "yellow",
  "14_02_y-flip.jpg__16": "yellow",
  "14_02.jpg__17": "yellow",
  "14_02_y-flip.jpg__17": "yellow",
  "14_02.jpg__18": "yellow",
  "14_02_y-flip.jpg__18": "yellow",
  "14_02.jpg__19": "yellow",
  "14_02_y-flip.jpg__19": "yellow",
  "14_02_y-flip.jpg__0": "no",
  "14_02_y-flip_r.jpg__0": "no",
  "14_02_y-flip.jpg__1": "no",
  "14_02_y-flip_r.jpg__1": "yes",
  "14_02_y-flip.jpg__2": "yes",
  "14_02_y-flip_r.jpg__2": "yes",
  "14_02_y-flip.jpg__3": "yes",
  "14_02_y-flip_r.jpg__3": "no",
  "14_03.jpg__0": "no",
  "14_03_r.jpg__0": "no",
  "14_03.jpg__1": "no",
  "14_03_r.jpg__1": "yes",
  "14_03.jpg__2": "white",
  "14_03_r.jpg__2": "yes",
  "14_03.jpg__3": "yes",
  "14_03_r.jpg__3": "no",
  "14_03.jpg__4": "left",
  "14_03_y-flip.jpg__4": "left",
  "14_03.jpg__5": "left",
  "14_03_y-flip.jpg__5": "left",
  "14_03.jpg__6": "left",
  "14_03_y-flip.jpg__6": "left",
  "14_03.jpg__7": "left",
  "14_03_y-flip.jpg__7": "left",
  "14_03.jpg__8": "left",
  "14_03_y-flip.jpg__8": "left",
  "14_03.jpg__9": "left",
  "14_03_y-flip.jpg__9": "left",
  "14_03.jpg__10": "left",
  "14_03_y-flip.jpg__10": "left",
  "14_03.jpg__11": "left",
  "14_03_y-flip.jpg__11": "left",
  "14_03.jpg__12": "green",
  "14_03_y-flip.jpg__12": "green",
  "14_03.jpg__13": "green",
  "14_03_y-flip.jpg__13": "green",
  "14_03.jpg__14": "green",
  "14_03_y-flip.jpg__14": "green",
  "14_03.jpg__15": "green",
  "14_03_y-flip.jpg__15": "green",
  "14_03.jpg__16": "green",
  "14_03_y-flip.jpg__16": "green",
  "14_03.jpg__17": "green",
  "14_03_y-flip.jpg__17": "green",
  "14_03.jpg__18": "green",
  "14_03_y-flip.jpg__18": "green",
  "14_03.jpg__19": "green",
  "14_03_y-flip.jpg__19": "green",
  "14_03_y-flip.jpg__0": "no",
  "14_03_y-flip_r.jpg__0": "no",
  "14_03_y-flip.jpg__1": "no",
  "14_03_y-flip_r.jpg__1": "yes",
  "14_03_y-flip.jpg__2": "yes",
  "14_03_y-flip_r.jpg__2": "yes",
  "14_03_y-flip.jpg__3": "yes",
  "14_03_y-flip_r.jpg__3": "no"
}